LOCALIDAD,PROVINCIA,PARTIDO,HABILITADA
DEL VALLE,BUENOS AIRES,25 DE MAYO,NO
GOBERNADOR UGARTE,BUENOS AIRES,25 DE MAYO,NO
NORBERTO DE LA RIESTRA,BUENOS AIRES,25 DE MAYO,NO
PEDERNALES,BUENOS AIRES,25 DE MAYO,NO
25 DE MAYO,BUENOS AIRES,25 DE MAYO,SI
9 DE JULIO,BUENOS AIRES,9 DE JULIO,SI
CARLOS MARIA NAON,BUENOS AIRES,9 DE JULIO,NO
DUDIGNAC,BUENOS AIRES,9 DE JULIO,NO
FRENCH,BUENOS AIRES,9 DE JULIO,NO
QUIROGA,BUENOS AIRES,9 DE JULIO,NO
CARHUE,BUENOS AIRES,ADOLFO ALSINA,NO
VILLA MAZA,BUENOS AIRES,ADOLFO ALSINA,NO
RIVERA,BUENOS AIRES,ADOLFO ALSINA,NO
SAN MIGUEL ARCANGEL,BUENOS AIRES,ADOLFO ALSINA,NO
ADOLFO GONZALES CHAVES,BUENOS AIRES,ADOLFO GONZALES CHAVES,NO
DE LA GARMA,BUENOS AIRES,ADOLFO GONZALES CHAVES,NO
ALBERTI,BUENOS AIRES,ALBERTI,NO
CORONEL MOM,BUENOS AIRES,ALBERTI,NO
ADROGUE,BUENOS AIRES,ALMIRANTE BROWN,SI
BURZACO,BUENOS AIRES,ALMIRANTE BROWN,SI
LONGCHAMPS,BUENOS AIRES,ALMIRANTE BROWN,SI
JOSE MARMOL,BUENOS AIRES,ALMIRANTE BROWN,NO
RAFAEL CALZADA,BUENOS AIRES,ALMIRANTE BROWN,NO
GLEW,BUENOS AIRES,ALMIRANTE BROWN,NO
ALMIRANTE BROWN,BUENOS AIRES,ALMIRANTE BROWN,NO
ARRECIFES,BUENOS AIRES,ARRECIFES,NO
CRUCESITA,BUENOS AIRES,AVELLANEDA,SI
AVELLANEDA,BUENOS AIRES,AVELLANEDA,SI
SARANDI,BUENOS AIRES,AVELLANEDA,SI
PIÑEYRO,BUENOS AIRES,AVELLANEDA,SI
WILDE,BUENOS AIRES,AVELLANEDA,SI
DOCK SUD,BUENOS AIRES,AVELLANEDA,NO
AVELLANEDA,BUENOS AIRES,AVELLANEDA,NO
AYACUCHO,BUENOS AIRES,AYACUCHO,NO
AZUL,BUENOS AIRES,AZUL,SI
CACHARI,BUENOS AIRES,AZUL,NO
CHILLAR,BUENOS AIRES,AZUL,NO
BAHIA BLANCA,BUENOS AIRES,BAHIA BLANCA,SI
CABILDO,BUENOS AIRES,BAHIA BLANCA,SI
BAHIA BLANCA,BUENOS AIRES,BAHIA BLANCA,NO
BAHIA BLANCA,BUENOS AIRES,BAHIA BLANCA,NO
BASE AERONAVAL CMTE ESPORA,BUENOS AIRES,BAHIA BLANCA,NO
GRAL DANIEL CERRI,BUENOS AIRES,BAHIA BLANCA,NO
INGENIERO WHITE,BUENOS AIRES,BAHIA BLANCA,SI
BAHIA BLANCA,BUENOS AIRES,BAHIA BLANCA,NO
BAHIA BLANCA,BUENOS AIRES,BAHIA BLANCA,NO
BAHIA BLANCA,BUENOS AIRES,BAHIA BLANCA,NO
BAHIA BLANCA,BUENOS AIRES,BAHIA BLANCA,NO
BALCARCE,BUENOS AIRES,BALCARCE,SI
BANFIELD,BUENOS AIRES,BANFIELD,NO
ALSINA,BUENOS AIRES,BARADERO,NO
BARADERO,BUENOS AIRES,BARADERO,SI
BELEN DE ESCOBAR,BUENOS AIRES,BELEN DE ESCOBAR,NO
VILLA CACIQUE,BUENOS AIRES,BENITO JUAREZ,NO
BENITO JUAREZ,BUENOS AIRES,BENITO JUAREZ,NO
BERAZATEGUI,BUENOS AIRES,BERAZATEGUI,SI
RANELAGH,BUENOS AIRES,BERAZATEGUI,NO
GUILLERMO E HUDSON,BUENOS AIRES,BERAZATEGUI,NO
JUAN MARIA GUTIERREZ,BUENOS AIRES,BERAZATEGUI,NO
CENTRO AGRICOLA EL PATO,BUENOS AIRES,BERAZATEGUI,NO
BERAZATEGUI,BUENOS AIRES,BERAZATEGUI,NO
BERISSO,BUENOS AIRES,BERISSO,NO
BERISSO ,BUENOS AIRES,BERISSO,NO
BERNAL,BUENOS AIRES,BERNAL,NO
BOLIVAR,BUENOS AIRES,BOLIVAR,NO
PIROVANO,BUENOS AIRES,BOLIVAR,NO
URDAMPILLETA,BUENOS AIRES,BOLIVAR,NO
BRAGADO,BUENOS AIRES,BRAGADO,SI
GENERAL O BRIEN,BUENOS AIRES,BRAGADO,NO
MECHITA,BUENOS AIRES,BRAGADO,NO
BRANDSEN,BUENOS AIRES,BRANDSEN,SI
JEPPENER,BUENOS AIRES,BRANDSEN,NO
QUILMES,BUENOS AIRES,BUENOS AIRES,NO
CAMPANA,BUENOS AIRES,CAMPANA,SI
CAMPANA,BUENOS AIRES,CAMPANA,NO
CAÑUELAS,BUENOS AIRES,CAÑUELAS,SI
CAPITAN SARMIENTO,BUENOS AIRES,CAPITAN SARMIENTO,NO
CARLOS CASARES,BUENOS AIRES,CARLOS CASARES,SI
MOCTEZUMA,BUENOS AIRES,CARLOS CASARES,NO
CARLOS TEJEDOR,BUENOS AIRES,CARLOS TEJEDOR,NO
TIMOTE,BUENOS AIRES,CARLOS TEJEDOR,NO
TRES ALGARROBOS,BUENOS AIRES,CARLOS TEJEDOR,NO
CARMEN DE ARECO,BUENOS AIRES,CARMEN DE ARECO,NO
CASTELLI,BUENOS AIRES,CASTELLI,NO
CHACABUCO,BUENOS AIRES,CHACABUCO,SI
O HIGGINS,BUENOS AIRES,CHACABUCO,NO
RAWSON,BUENOS AIRES,CHACABUCO,NO
CHASCOMUS,BUENOS AIRES,CHASCOMUS,SI
CHIVILCOY,BUENOS AIRES,CHIVILCOY,SI
VILLA MOQUEHUA,BUENOS AIRES,CHIVILCOY,NO
CLAYPOLE,BUENOS AIRES,CLAYPOLE,NO
COLON,BUENOS AIRES,COLON,NO
CORONEL DORREGO,BUENOS AIRES,CORONEL DORREGO,NO
EL PERDIDO EST JOSE GUISASOLA,BUENOS AIRES,CORONEL DORREGO,NO
ORIENTE,BUENOS AIRES,CORONEL DORREGO,NO
CORONEL PRINGLES,BUENOS AIRES,CORONEL PRINGLES,NO
INDIO RICO,BUENOS AIRES,CORONEL PRINGLES,NO
PUNTA ALTA,BUENOS AIRES,CORONEL ROSALES,SI
BATERIAS,BUENOS AIRES,CORONEL ROSALES,NO
PUERTO BELGRANO,BUENOS AIRES,CORONEL ROSALES,NO
CORONEL SUAREZ,BUENOS AIRES,CORONEL SUAREZ,SI
HUANGUELEN,BUENOS AIRES,CORONEL SUAREZ,NO
PUEBLO SAN JOSE,BUENOS AIRES,CORONEL SUAREZ,NO
DAIREAUX,BUENOS AIRES,DAIREAUX,NO
SALAZAR,BUENOS AIRES,DAIREAUX,NO
DOLORES,BUENOS AIRES,DOLORES,SI
DON TORCUATO,BUENOS AIRES,DON TORCUATO,NO
EL PALOMAR,BUENOS AIRES,EL PALOMAR,NO
ENSENADA,BUENOS AIRES,ENSENADA,SI
ESC NAV MILITAR RIO SANTIAGO,BUENOS AIRES,ENSENADA,NO
ENSENADA ,BUENOS AIRES,ENSENADA ,NO
BELEN DE ESCOBAR,BUENOS AIRES,ESCOBAR,SI
GARIN,BUENOS AIRES,ESCOBAR,SI
INGENIERO MASCHWITZ,BUENOS AIRES,ESCOBAR,SI
MATHEU,BUENOS AIRES,ESCOBAR,NO
MAQUINISTA F SAVIO,BUENOS AIRES,ESCOBAR,NO
MONTE GRANDE,BUENOS AIRES,ESTEBAN ECHEVERRIA,SI
LUIS GUILLON,BUENOS AIRES,ESTEBAN ECHEVERRIA,NO
MONTE GRANDE,BUENOS AIRES,ESTEBAN ECHEVERRIA,NO
EL JAGUEL,BUENOS AIRES,ESTEBAN ECHEVERRIA,NO
CAPILLA DEL SEÑOR,BUENOS AIRES,EXALTACION DE LA CRUZ,NO
LOS CARDALES,BUENOS AIRES,EXALTACION DE LA CRUZ,NO
PARADA ROBLES,BUENOS AIRES,EXALTACION DE LA CRUZ,NO
EZEIZA,BUENOS AIRES,EZEIZA,SI
AEROPUERTO EZEIZA,BUENOS AIRES,EZEIZA,NO
TRISTAN SUAREZ,BUENOS AIRES,EZEIZA,NO
EZEIZA,BUENOS AIRES,EZEIZA,NO
FLORENCIO VARELA,BUENOS AIRES,FLORENCIO VARELA,SI
FLORENCIO VARELA,BUENOS AIRES,FLORENCIO VARELA,NO
FLORENCIO VARELA,BUENOS AIRES,FLORENCIO VARELA,NO
FLORENTINO AMEGHINO,BUENOS AIRES,FLORENTINO AMEGHINO,NO
BLAQUIER,BUENOS AIRES,FLORENTINO AMEGHINO,NO
MIRAMAR,BUENOS AIRES,GENERAL ALVARADO,SI
COMANDANTE NICANOR OTAMENDI,BUENOS AIRES,GENERAL ALVARADO,NO
GENERAL ALVEAR,BUENOS AIRES,GENERAL ALVEAR,NO
ARRIBEÑOS,BUENOS AIRES,GENERAL ARENALES,NO
ASCENCION,BUENOS AIRES,GENERAL ARENALES,NO
FERRE,BUENOS AIRES,GENERAL ARENALES,NO
GENERAL ARENALES,BUENOS AIRES,GENERAL ARENALES,NO
GENERAL BELGRANO,BUENOS AIRES,GENERAL BELGRANO,SI
GENERAL GUIDO,BUENOS AIRES,GENERAL GUIDO,NO
GENERAL LAMADRID,BUENOS AIRES,GENERAL LAMADRID,NO
LA COLINA,BUENOS AIRES,GENERAL LAMADRID,NO
GENERAL LAS HERAS,BUENOS AIRES,GENERAL LAS HERAS,NO
GENERAL LAVALLE,BUENOS AIRES,GENERAL LAVALLE,NO
GENERAL MADARIAGA,BUENOS AIRES,GENERAL MADARIAGA,NO
GENERAL PACHECO,BUENOS AIRES,GENERAL PACHECO,NO
RANCHOS,BUENOS AIRES,GENERAL PAZ,NO
CORONEL GRANADA,BUENOS AIRES,GENERAL PINTO,NO
GENERAL PINTO,BUENOS AIRES,GENERAL PINTO,NO
GERMANIA,BUENOS AIRES,GENERAL PINTO,NO
MAR DEL PLATA,BUENOS AIRES,GENERAL PUEYRREDON,SI
MAR DEL PLATA,BUENOS AIRES,GENERAL PUEYRREDON,SI
MAR DEL PLATA,BUENOS AIRES,GENERAL PUEYRREDON,SI
MAR DEL PLATA,BUENOS AIRES,GENERAL PUEYRREDON,SI
MAR DEL PLATA,BUENOS AIRES,GENERAL PUEYRREDON,NO
MAR DEL PLATA,BUENOS AIRES,GENERAL PUEYRREDON,NO
MAR DEL PLATA,BUENOS AIRES,GENERAL PUEYRREDON,NO
MAR DEL PLATA,BUENOS AIRES,GENERAL PUEYRREDON,NO
BARRIO BATAN,BUENOS AIRES,GENERAL PUEYRREDON,NO
GENERAL RODRIGUEZ,BUENOS AIRES,GENERAL RODRIGUEZ,SI
GENERAL SAN MARTIN,BUENOS AIRES,GENERAL SAN MARTIN,SI
VILLA BALLESTER,BUENOS AIRES,GENERAL SAN MARTIN,SI
VILLA LYNCH,BUENOS AIRES,GENERAL SAN MARTIN,SI
JOSE LEON SUAREZ,BUENOS AIRES,GENERAL SAN MARTIN,SI
SAN ANDRES,BUENOS AIRES,GENERAL SAN MARTIN,SI
GENERAL SAN MARTIN,BUENOS AIRES,GENERAL SAN MARTIN,NO
BAIGORRITA,BUENOS AIRES,GENERAL VIAMONTE,NO
LOS TOLDOS,BUENOS AIRES,GENERAL VIAMONTE,NO
GENERAL VILLEGAS,BUENOS AIRES,GENERAL VILLEGAS,SI
VILLA SAUZE,BUENOS AIRES,GENERAL VILLEGAS,NO
BANDERALO,BUENOS AIRES,GENERAL VILLEGAS,NO
CAÑADA SECA,BUENOS AIRES,GENERAL VILLEGAS,NO
CORONEL CHARLONE,BUENOS AIRES,GENERAL VILLEGAS,NO
EMILIO BUNGE,BUENOS AIRES,GENERAL VILLEGAS,NO
PIEDRITAS,BUENOS AIRES,GENERAL VILLEGAS,NO
SANTA REGINA,BUENOS AIRES,GENERAL VILLEGAS,NO
GONZALEZ CATAN,BUENOS AIRES,GONZALEZ CATAN,NO
BONIFACIO,BUENOS AIRES,GUAMINI,NO
CASBAS,BUENOS AIRES,GUAMINI,NO
GUAMINI,BUENOS AIRES,GUAMINI,NO
HENDERSON,BUENOS AIRES,HIPOLITO YRIGOYEN,NO
HURLINGHAM,BUENOS AIRES,HURLINGHAM,SI
VILLA SANTOS TESEI,BUENOS AIRES,HURLINGHAM,NO
WILLIAM MORRIS,BUENOS AIRES,HURLINGHAM,NO
HURLINGHAM,BUENOS AIRES,HURLINGHAM,NO
ING. MASCHWITZ,BUENOS AIRES,ING. MASCHWITZ,NO
ITUZAINGO,BUENOS AIRES,ITUZAINGO,SI
ITUZAINGO,BUENOS AIRES,ITUZAINGO,NO
JOSE C. PAZ,BUENOS AIRES,JOSE C. PAZ,NO
JOSE CLEMENTE PAZ,BUENOS AIRES,JOSE CLEMENTE PAZ,SI
JUNIN,BUENOS AIRES,JUNIN,SI
MORSE,BUENOS AIRES,JUNIN,NO
SAN BERNARDO DEL TUYU,BUENOS AIRES,LA COSTA,SI
SAN CLEMENTE DEL TUYU,BUENOS AIRES,LA COSTA,SI
SANTA TERESITA,BUENOS AIRES,LA COSTA,SI
MAR DE AJO,BUENOS AIRES,LA COSTA,SI
LAS TONINAS,BUENOS AIRES,LA COSTA,NO
MAR DEL TUYU,BUENOS AIRES,LA COSTA,NO
ISIDRO CASANOVA,BUENOS AIRES,LA MATANZA,SI
LOMAS DEL MIRADOR,BUENOS AIRES,LA MATANZA,SI
SAN JUSTO,BUENOS AIRES,LA MATANZA,SI
LA TABLADA,BUENOS AIRES,LA MATANZA,SI
CIUDAD MADERO,BUENOS AIRES,LA MATANZA,SI
GREGORIO DE LAFERRERE,BUENOS AIRES,LA MATANZA,SI
GONZALEZ CATAN,BUENOS AIRES,LA MATANZA,SI
RAMOS MEJIA,BUENOS AIRES,LA MATANZA,SI
CIUDAD EVITA,BUENOS AIRES,LA MATANZA,NO
CIUDAD MADERO,BUENOS AIRES,LA MATANZA,NO
LA TABLADA,BUENOS AIRES,LA MATANZA,SI
RAFAEL CASTILLO,BUENOS AIRES,LA MATANZA,NO
TAPIALES,BUENOS AIRES,LA MATANZA,NO
LA PLATA,BUENOS AIRES,LA PLATA,SI
LA PLATA,BUENOS AIRES,LA PLATA,SI
LA PLATA,BUENOS AIRES,LA PLATA,SI
CITY BELL,BUENOS AIRES,LA PLATA,SI
LISANDRO OLMOS ETCHEVERRY,BUENOS AIRES,LA PLATA,SI
VILLA ELISA,BUENOS AIRES,LA PLATA,SI
LA PLATA,BUENOS AIRES,LA PLATA,NO
LA PLATA,BUENOS AIRES,LA PLATA,NO
LA PLATA,BUENOS AIRES,LA PLATA,NO
LA PLATA,BUENOS AIRES,LA PLATA,SI
LA PLATA,BUENOS AIRES,LA PLATA,NO
LA PLATA,BUENOS AIRES,LA PLATA,NO
MELCHOR ROMERO,BUENOS AIRES,LA PLATA,NO
MANUEL B GONNET,BUENOS AIRES,LA PLATA,NO
LA PLATA,BUENOS AIRES,LA PLATA,NO
LA PLATA,BUENOS AIRES,LA PLATA,NO
LA PLATA,BUENOS AIRES,LA PLATA,NO
LA PLATA,BUENOS AIRES,LA PLATA,NO
LA PLATA,BUENOS AIRES,LA PLATA,NO
LA PLATA,BUENOS AIRES,LA PLATA,NO
LAFERRERE,BUENOS AIRES,LAFERRERE,NO
GERLI,BUENOS AIRES,LANUS,SI
LANUS ESTE,BUENOS AIRES,LANUS,SI
REMEDIOS DE ESCALADA,BUENOS AIRES,LANUS,SI
VALENTIN ALSINA,BUENOS AIRES,LANUS,SI
LANUS OESTE,BUENOS AIRES,LANUS,SI
LANUS ESTE,BUENOS AIRES,LANUS,SI
LANUS,BUENOS AIRES,LANUS,NO
LAPRIDA,BUENOS AIRES,LAPRIDA,NO
LAS FLORES,BUENOS AIRES,LAS FLORES,NO
JUAN BAUTISTA ALBERDI,BUENOS AIRES,LEANDRO N ALEM,NO
LEANDRO N ALEM,BUENOS AIRES,LEANDRO N ALEM,NO
VEDIA,BUENOS AIRES,LEANDRO N ALEM,NO
LEZAMA,BUENOS AIRES,LEZAMA,NO
ARENAZA,BUENOS AIRES,LINCOLN,NO
BAYAUCA,BUENOS AIRES,LINCOLN,NO
EL TRIUNFO,BUENOS AIRES,LINCOLN,NO
LINCOLN,BUENOS AIRES,LINCOLN,NO
PASTEUR,BUENOS AIRES,LINCOLN,NO
ROBERTS,BUENOS AIRES,LINCOLN,NO
LOBERIA,BUENOS AIRES,LOBERIA,NO
LOBOS,BUENOS AIRES,LOBOS,SI
ANTONIO CARBONI,BUENOS AIRES,LOBOS,NO
TEMPERLEY,BUENOS AIRES,LOMAS DE ZAMORA,SI
LLAVALLOL,BUENOS AIRES,LOMAS DE ZAMORA,SI
LOMAS DE ZAMORA,BUENOS AIRES,LOMAS DE ZAMORA,SI
BANFIELD,BUENOS AIRES,LOMAS DE ZAMORA,SI
TURDERA,BUENOS AIRES,LOMAS DE ZAMORA,NO
TEMPERLEY,BUENOS AIRES,LOMAS DE ZAMORA,NO
BANFIELD,BUENOS AIRES,LOMAS DE ZAMORA,NO
LOMAS DE ZAMORA,BUENOS AIRES,LOMAS DE ZAMORA,NO
LONGCHAMPS ,BUENOS AIRES,LONGCHAMPS ,NO
LOS POLVORINES,BUENOS AIRES,LOS POLVORINES,NO
LUJAN,BUENOS AIRES,LUJAN,SI
JAUREGUI JOSE MARIA,BUENOS AIRES,LUJAN,NO
OPEN DOOR,BUENOS AIRES,LUJAN,NO
TORRES,BUENOS AIRES,LUJAN,NO
MAGDALENA,BUENOS AIRES,MAGDALENA,NO
MAIPU,BUENOS AIRES,MAIPU,NO
LOS POLVORINES,BUENOS AIRES,MALVINAS ARGENTINAS,SI
TORTUGUITAS,BUENOS AIRES,MALVINAS ARGENTINAS,SI
GRAND BOURG,BUENOS AIRES,MALVINAS ARGENTINAS,NO
MANUEL ALBERTI,BUENOS AIRES,MANUEL ALBERTI,NO
CORONEL VIDAL,BUENOS AIRES,MAR CHIQUITA,NO
GENERAL PIRAN,BUENOS AIRES,MAR CHIQUITA,NO
SANTA CLARA DEL MAR,BUENOS AIRES,MAR CHIQUITA,NO
MAR DEL PLATA,BUENOS AIRES,MAR DEL PLATA,NO
MAR DEL PLATA,BUENOS AIRES,MAR DEL PLATA,NO
MARCOS PAZ,BUENOS AIRES,MARCOS PAZ,SI
MERCEDES,BUENOS AIRES,MERCEDES,SI
MERCEDES,BUENOS AIRES,MERCEDES,NO
MERLO,BUENOS AIRES,MERLO,SI
LIBERTAD,BUENOS AIRES,MERLO,NO
SAN ANTONIO DE PADUA,BUENOS AIRES,MERLO,SI
MARIANO ACOSTA,BUENOS AIRES,MERLO,NO
MERLO,BUENOS AIRES,MERLO,NO
SAN MIGUEL DEL MONTE,BUENOS AIRES,MONTE,NO
MONTE GRANDE ,BUENOS AIRES,MONTE GRANDE,NO
MONTE HERMOSO,BUENOS AIRES,MONTE HERMOSO,NO
MORENO,BUENOS AIRES,MORENO,SI
PASO DEL REY,BUENOS AIRES,MORENO,SI
FRANCISCO ALVAREZ,BUENOS AIRES,MORENO,NO
MORENO,BUENOS AIRES,MORENO,NO
CASTELAR,BUENOS AIRES,MORON,SI
HAEDO,BUENOS AIRES,MORON,SI
MORON,BUENOS AIRES,MORON,SI
MORON,BUENOS AIRES,MORON,NO
NAVARRO,BUENOS AIRES,NAVARRO,SI
NECOCHEA,BUENOS AIRES,NECOCHEA,SI
JUAN N FERNANDEZ,BUENOS AIRES,NECOCHEA,NO
LA DULCE,BUENOS AIRES,NECOCHEA,NO
NECOCHEA,BUENOS AIRES,NECOCHEA,NO
QUEQUEN,BUENOS AIRES,NECOCHEA,NO
OLAVARRIA,BUENOS AIRES,OLAVARRIA,SI
HINOJO,BUENOS AIRES,OLAVARRIA,NO
SIERRAS BAYAS,BUENOS AIRES,OLAVARRIA,NO
LOMA NEGRA,BUENOS AIRES,OLAVARRIA,NO
STROEDER,BUENOS AIRES,PATAGONES,NO
VILLALONGA,BUENOS AIRES,PATAGONES,NO
CARMEN DE PATAGONES,BUENOS AIRES,PATAGONES,NO
PEHUAJO,BUENOS AIRES,PEHUAJO,SI
FRANCISCO MADERO,BUENOS AIRES,PEHUAJO,NO
SAN BERNARDO,BUENOS AIRES,PEHUAJO,NO
JUAN JOSE PASO,BUENOS AIRES,PEHUAJO,NO
MONES CAZON,BUENOS AIRES,PEHUAJO,NO
PELLEGRINI,BUENOS AIRES,PELLEGRINI,NO
PERGAMINO,BUENOS AIRES,PERGAMINO,SI
ACEVEDO,BUENOS AIRES,PERGAMINO,NO
EL SOCORRO,BUENOS AIRES,PERGAMINO,NO
PILA,BUENOS AIRES,PILA,NO
DEL VISO,BUENOS AIRES,PILAR,SI
PILAR,BUENOS AIRES,PILAR,SI
PRESIDENTE DERQUI,BUENOS AIRES,PILAR,NO
FATIMA ESTACION EMPALME,BUENOS AIRES,PILAR,NO
PILAR,BUENOS AIRES,PILAR,NO
PINAMAR,BUENOS AIRES,PINAMAR,SI
GUERNICA,BUENOS AIRES,PRESIDENTE PERON,NO
VILLA IRIS,BUENOS AIRES,PUAN,NO
BORDENAVE,BUENOS AIRES,PUAN,NO
DARREGUEIRA,BUENOS AIRES,PUAN,NO
FELIPE SOLA,BUENOS AIRES,PUAN,NO
PUAN,BUENOS AIRES,PUAN,NO
VERONICA,BUENOS AIRES,PUNTA INDIO,NO
PUNTA INDIO,BUENOS AIRES,PUNTA INDIO,NO
BERNAL ESTE,BUENOS AIRES,QUILMES,SI
QUILMES OESTE,BUENOS AIRES,QUILMES,SI
EZPELETA ESTE,BUENOS AIRES,QUILMES,SI
SAN FRANCISCO SOLANO,BUENOS AIRES,QUILMES,SI
QUILMES,BUENOS AIRES,QUILMES,SI
QUILMES,BUENOS AIRES,QUILMES,NO
EL PARAISO,BUENOS AIRES,RAMALLO,NO
PEREZ MILLAN,BUENOS AIRES,RAMALLO,NO
RAMALLO,BUENOS AIRES,RAMALLO,NO
VILLA RAMALLO,BUENOS AIRES,RAMALLO,NO
RAMOS MEJIA,BUENOS AIRES,RAMOS MEJIA,NO
RAUCH,BUENOS AIRES,RAUCH,NO
AMERICA,BUENOS AIRES,RIVADAVIA,NO
FORTIN OLAVARRIA,BUENOS AIRES,RIVADAVIA,NO
GONZALEZ MORENO,BUENOS AIRES,RIVADAVIA,NO
RAFAEL OBLIGADO,BUENOS AIRES,ROJAS,NO
ROJAS,BUENOS AIRES,ROJAS,NO
ROQUE PEREZ,BUENOS AIRES,ROQUE PEREZ,NO
ARROYO CORTO,BUENOS AIRES,SAAVEDRA,NO
ESPARTILLAR,BUENOS AIRES,SAAVEDRA,NO
GOYENA,BUENOS AIRES,SAAVEDRA,NO
PIGUE,BUENOS AIRES,SAAVEDRA,NO
SAAVEDRA,BUENOS AIRES,SAAVEDRA,NO
SALADILLO,BUENOS AIRES,SALADILLO,SI
QUENUMA,BUENOS AIRES,SALLIQUELO,NO
SALLIQUELO,BUENOS AIRES,SALLIQUELO,NO
ARROYO DULCE,BUENOS AIRES,SALTO,NO
INES INDART,BUENOS AIRES,SALTO,NO
SALTO,BUENOS AIRES,SALTO,SI
SAN ANDRES DE GILES,BUENOS AIRES,SAN ANDRES DE GILES,NO
SAN ANTONIO DE ARECO,BUENOS AIRES,SAN ANTONIO DE ARECO,SI
SAN CAYETANO,BUENOS AIRES,SAN CAYETANO,NO
VICTORIA,BUENOS AIRES,SAN FERNANDO,SI
SAN FERNANDO,BUENOS AIRES,SAN FERNANDO,SI
SAN FERNANDO,BUENOS AIRES,SAN FERNANDO,NO
VILLA ADELINA,BUENOS AIRES,SAN ISIDRO,SI
ACASSUSO,BUENOS AIRES,SAN ISIDRO,SI
BOULOGNE,BUENOS AIRES,SAN ISIDRO,SI
SAN ISIDRO,BUENOS AIRES,SAN ISIDRO,SI
MARTINEZ,BUENOS AIRES,SAN ISIDRO,SI
BOULOGNE,BUENOS AIRES,SAN ISIDRO,SI
MARTINEZ,BUENOS AIRES,SAN ISIDRO,NO
SAN ISIDRO,BUENOS AIRES,SAN ISIDRO,NO
SAN ISIDRO,BUENOS AIRES,SAN ISIDRO,NO
SAN JUSTO,BUENOS AIRES,SAN JUSTO,NO
SAN MIGUEL,BUENOS AIRES,SAN MIGUEL,SI
BELLA VISTA,BUENOS AIRES,SAN MIGUEL,SI
SAN MIGUEL,BUENOS AIRES,SAN MIGUEL,NO
SAN NICOLAS DE LOS ARROYOS,BUENOS AIRES,SAN NICOLAS,SI
GENERAL CONESA,BUENOS AIRES,SAN NICOLAS,NO
GENERAL ROJO,BUENOS AIRES,SAN NICOLAS,NO
SAN NICOLAS DE LOS ARROYOS,BUENOS AIRES,SAN NICOLAS,NO
SAN NICOLAS DE LOS ARROYOS,BUENOS AIRES,SAN NICOLAS,NO
SAN PEDRO,BUENOS AIRES,SAN PEDRO,SI
GOBERNADOR CASTRO,BUENOS AIRES,SAN PEDRO,NO
RIO TALA,BUENOS AIRES,SAN PEDRO,NO
SANTA LUCIA,BUENOS AIRES,SAN PEDRO,NO
ALEJANDRO KORN,BUENOS AIRES,SAN VICENTE,NO
SAN VICENTE,BUENOS AIRES,SAN VICENTE,SI
SAN VICENTE,BUENOS AIRES,SAN VICENTE,NO
SUIPACHA,BUENOS AIRES,SUIPACHA,NO
TANDIL,BUENOS AIRES,TANDIL,SI
VELA,BUENOS AIRES,TANDIL,NO
TANDIL,BUENOS AIRES,TANDIL,NO
TAPALQUE,BUENOS AIRES,TAPALQUE,NO
TAPIALES,BUENOS AIRES,TAPIALES,NO
TEMPERLEY,BUENOS AIRES,TEMPERLEY,NO
TIGRE,BUENOS AIRES,TIGRE,SI
GENERAL PACHECO,BUENOS AIRES,TIGRE,SI
DON TORCUATO,BUENOS AIRES,TIGRE,SI
BENAVIDEZ,BUENOS AIRES,TIGRE,NO
GENERAL CONESA,BUENOS AIRES,TORDILLO,NO
TORNQUIST,BUENOS AIRES,TORNQUIST,NO
SALDUNGARAY,BUENOS AIRES,TORNQUIST,NO
SIERRA DE LA VENTANA,BUENOS AIRES,TORNQUIST,NO
TRENQUE LAUQUEN,BUENOS AIRES,TRENQUE LAUQUEN,SI
BERUTI,BUENOS AIRES,TRENQUE LAUQUEN,NO
30 DE AGOSTO,BUENOS AIRES,TRENQUE LAUQUEN,NO
GARRE,BUENOS AIRES,TRENQUE LAUQUEN,NO
TRES ARROYOS,BUENOS AIRES,TRES ARROYOS,SI
BALNEARIO CLAROMECO,BUENOS AIRES,TRES ARROYOS,NO
COPETONAS,BUENOS AIRES,TRES ARROYOS,NO
MICAELA CASCALLARES,BUENOS AIRES,TRES ARROYOS,NO
ORENSE,BUENOS AIRES,TRES ARROYOS,NO
SAN FRANCISCO DE BELLOCQ,BUENOS AIRES,TRES ARROYOS,NO
LOMA HERMOSA,BUENOS AIRES,TRES DE FEBRERO,SI
CASEROS,BUENOS AIRES,TRES DE FEBRERO,SI
CIUDADELA,BUENOS AIRES,TRES DE FEBRERO,SI
CIUDAD JARDIN DEL PALOMAR,BUENOS AIRES,TRES DE FEBRERO,SI
SANTOS LUGARES,BUENOS AIRES,TRES DE FEBRERO,SI
VILLA BOSCH,BUENOS AIRES,TRES DE FEBRERO,SI
TRES LOMAS,BUENOS AIRES,TRES LOMAS,NO
VICENTE LOPEZ,BUENOS AIRES,VICENTE LOPEZ,SI
VILLA MARTELLI,BUENOS AIRES,VICENTE LOPEZ,SI
FLORIDA,BUENOS AIRES,VICENTE LOPEZ,SI
OLIVOS,BUENOS AIRES,VICENTE LOPEZ,SI
FLORIDA,BUENOS AIRES,VICENTE LOPEZ,SI
MUNRO,BUENOS AIRES,VICENTE LOPEZ,SI
VICENTROTE LOPEZ,BUENOS AIRES,VICENTE LOPEZ,NO
VILLA ADELINA,BUENOS AIRES,VILLA ADELINA,NO
VILLA BALLESTEER,BUENOS AIRES,VILLA BALLESTEER,NO
VILLA GESELL,BUENOS AIRES,VILLA GESELL,SI
VILLA GESELL,BUENOS AIRES,VILLA GESELL,NO
JUAN COUSTE,BUENOS AIRES,VILLARINO,NO
HILARIO ASCASUBI,BUENOS AIRES,VILLARINO,NO
MAYOR BURATOVICH,BUENOS AIRES,VILLARINO,NO
MEDANOS,BUENOS AIRES,VILLARINO,NO
PEDRO LURO,BUENOS AIRES,VILLARINO,NO
ZARATE,BUENOS AIRES,ZARATE,SI
LIMA,BUENOS AIRES,ZARATE,NO
ZARATE,BUENOS AIRES,ZARATE,NO
CIUDAD AUTONOMA BUENOS AIRES,CAPITAL FEDERAL,CAPITAL FEDERAL,SI
CIUDAD AUTONOMA BUENOS AIRES,CAPITAL FEDERAL,CAPITAL FEDERAL,SI
CIUDAD AUTONOMA BUENOS AIRES,CAPITAL FEDERAL,CAPITAL FEDERAL,SI
CIUDAD AUTONOMA BUENOS AIRES,CAPITAL FEDERAL,CAPITAL FEDERAL,SI
CIUDAD AUTONOMA BUENOS AIRES,CAPITAL FEDERAL,CAPITAL FEDERAL,SI
CIUDAD AUTONOMA BUENOS AIRES,CAPITAL FEDERAL,CAPITAL FEDERAL,SI
CIUDAD AUTONOMA BUENOS AIRES,CAPITAL FEDERAL,CAPITAL FEDERAL,SI
CIUDAD AUTONOMA BUENOS AIRES,CAPITAL FEDERAL,CAPITAL FEDERAL,SI
CIUDAD AUTONOMA BUENOS AIRES,CAPITAL FEDERAL,CAPITAL FEDERAL,SI
CIUDAD AUTONOMA BUENOS AIRES,CAPITAL FEDERAL,CAPITAL FEDERAL,SI
CIUDAD AUTONOMA BUENOS AIRES,CAPITAL FEDERAL,CAPITAL FEDERAL,SI
CIUDAD AUTONOMA BUENOS AIRES,CAPITAL FEDERAL,CAPITAL FEDERAL,SI
CIUDAD AUTONOMA BUENOS AIRES,CAPITAL FEDERAL,CAPITAL FEDERAL,SI
CIUDAD AUTONOMA BUENOS AIRES,CAPITAL FEDERAL,CAPITAL FEDERAL,SI
CIUDAD AUTONOMA BUENOS AIRES,CAPITAL FEDERAL,CAPITAL FEDERAL,SI
CIUDAD AUTONOMA BUENOS AIRES,CAPITAL FEDERAL,CAPITAL FEDERAL,SI
CIUDAD AUTONOMA BUENOS AIRES,CAPITAL FEDERAL,CAPITAL FEDERAL,SI
CIUDAD AUTONOMA BUENOS AIRES,CAPITAL FEDERAL,CAPITAL FEDERAL,SI
CIUDAD AUTONOMA BUENOS AIRES,CAPITAL FEDERAL,CAPITAL FEDERAL,SI
CIUDAD AUTONOMA BUENOS AIRES,CAPITAL FEDERAL,CAPITAL FEDERAL,SI
CIUDAD AUTONOMA BUENOS AIRES,CAPITAL FEDERAL,CAPITAL FEDERAL,SI
CIUDAD AUTONOMA BUENOS AIRES,CAPITAL FEDERAL,CAPITAL FEDERAL,SI
CIUDAD AUTONOMA BUENOS AIRES,CAPITAL FEDERAL,CAPITAL FEDERAL,SI
CIUDAD AUTONOMA BUENOS AIRES,CAPITAL FEDERAL,CAPITAL FEDERAL,SI
CIUDAD AUTONOMA BUENOS AIRES,CAPITAL FEDERAL,CAPITAL FEDERAL,SI
CIUDAD AUTONOMA BUENOS AIRES,CAPITAL FEDERAL,CAPITAL FEDERAL,SI
CIUDAD AUTONOMA BUENOS AIRES,CAPITAL FEDERAL,CAPITAL FEDERAL,SI
CIUDAD AUTONOMA BUENOS AIRES,CAPITAL FEDERAL,CAPITAL FEDERAL,SI
CIUDAD AUTONOMA BUENOS AIRES,CAPITAL FEDERAL,CAPITAL FEDERAL,SI
CIUDAD AUTONOMA BUENOS AIRES,CAPITAL FEDERAL,CAPITAL FEDERAL,SI
CIUDAD AUTONOMA BUENOS AIRES,CAPITAL FEDERAL,CAPITAL FEDERAL,SI
CIUDAD AUTONOMA BUENOS AIRES,CAPITAL FEDERAL,CAPITAL FEDERAL,SI
CIUDAD AUTONOMA BUENOS AIRES,CAPITAL FEDERAL,CAPITAL FEDERAL,SI
CIUDAD AUTONOMA BUENOS AIRES,CAPITAL FEDERAL,CAPITAL FEDERAL,SI
CIUDAD AUTONOMA BUENOS AIRES,CAPITAL FEDERAL,CAPITAL FEDERAL,SI
CIUDAD AUTONOMA BUENOS AIRES,CAPITAL FEDERAL,CAPITAL FEDERAL,SI
CIUDAD AUTONOMA BUENOS AIRES,CAPITAL FEDERAL,CAPITAL FEDERAL,SI
CIUDAD AUTONOMA BUENOS AIRES,CAPITAL FEDERAL,CAPITAL FEDERAL,SI
CIUDAD AUTONOMA BUENOS AIRES,CAPITAL FEDERAL,CAPITAL FEDERAL,SI
CIUDAD AUTONOMA BUENOS AIRES,CAPITAL FEDERAL,CAPITAL FEDERAL,SI
CIUDAD AUTONOMA BUENOS AIRES,CAPITAL FEDERAL,CAPITAL FEDERAL,SI
CIUDAD AUTONOMA BUENOS AIRES,CAPITAL FEDERAL,CAPITAL FEDERAL,SI
CIUDAD AUTONOMA BUENOS AIRES,CAPITAL FEDERAL,CAPITAL FEDERAL,SI
CIUDAD AUTONOMA BUENOS AIRES,CAPITAL FEDERAL,CAPITAL FEDERAL,SI
CIUDAD AUTONOMA BUENOS AIRES,CAPITAL FEDERAL,CAPITAL FEDERAL,SI
CIUDAD AUTONOMA BUENOS AIRES,CAPITAL FEDERAL,CAPITAL FEDERAL,SI
CIUDAD AUTONOMA BUENOS AIRES,CAPITAL FEDERAL,CAPITAL FEDERAL,SI
CIUDAD AUTONOMA BUENOS AIRES,CAPITAL FEDERAL,CAPITAL FEDERAL,SI
CIUDAD AUTONOMA BUENOS AIRES,CAPITAL FEDERAL,CAPITAL FEDERAL,SI
CIUDAD AUTONOMA BUENOS AIRES,CAPITAL FEDERAL,CAPITAL FEDERAL,SI
CIUDAD AUTONOMA BUENOS AIRES,CAPITAL FEDERAL,CAPITAL FEDERAL,SI
CIUDAD AUTONOMA BUENOS AIRES,CAPITAL FEDERAL,CAPITAL FEDERAL,SI
CIUDAD AUTONOMA BUENOS AIRES,CAPITAL FEDERAL,CAPITAL FEDERAL,NO
CIUDAD AUTONOMA BUENOS AIRES,CAPITAL FEDERAL,CAPITAL FEDERAL,SI
CIUDAD AUTONOMA BUENOS AIRES,CAPITAL FEDERAL,CAPITAL FEDERAL,NO
CIUDAD AUTONOMA BUENOS AIRES,CAPITAL FEDERAL,CAPITAL FEDERAL,NO
CIUDAD AUTONOMA BUENOS AIRES,CAPITAL FEDERAL,CAPITAL FEDERAL,NO
CIUDAD AUTONOMA BUENOS AIRES,CAPITAL FEDERAL,CAPITAL FEDERAL,NO
CIUDAD AUTONOMA BUENOS AIRES,CAPITAL FEDERAL,CAPITAL FEDERAL,NO
CIUDAD AUTONOMA BUENOS AIRES,CAPITAL FEDERAL,CAPITAL FEDERAL,NO
CIUDAD AUTONOMA BUENOS AIRES,CAPITAL FEDERAL,CAPITAL FEDERAL,NO
CIUDAD AUTONOMA BUENOS AIRES,CAPITAL FEDERAL,CAPITAL FEDERAL,NO
CIUDAD AUTONOMA BUENOS AIRES,CAPITAL FEDERAL,CAPITAL FEDERAL,NO
CIUDAD AUTONOMA BUENOS AIRES,CAPITAL FEDERAL,CAPITAL FEDERAL,NO
CIUDAD AUTONOMA BUENOS AIRES,CAPITAL FEDERAL,CAPITAL FEDERAL,NO
CIUDAD AUTONOMA BUENOS AIRES,CAPITAL FEDERAL,CAPITAL FEDERAL,SI
CIUDAD AUTONOMA DE BUENOS AIRES,CAPITAL FEDERAL,CAPITAL FEDERAL,NO
CIUDAD AUTONOMA DE BUENOS AIRES,CAPITAL FEDERAL,CAPITAL FEDERAL,NO
CIUDAD AUTONOMA DE BUENOS AIRES,CAPITAL FEDERAL,CAPITAL FEDERAL,NO
CIUDAD AUTONOMA DE BUENOS AIRES,CAPITAL FEDERAL,CAPITAL FEDERAL,NO
CIUDAD AUTONOMA DE BUENOS AIRES,CAPITAL FEDERAL,CAPITAL FEDERAL,NO
CIUDAD AUTONOMA DE BUENOS AIRES,CAPITAL FEDERAL,CAPITAL FEDERAL,NO
CIUDAD AUTONOMA DE BUENOS AIRES,CAPITAL FEDERAL,CAPITAL FEDERAL,NO
CIUDAD AUTONOMA DE BUENOS AIRES,CAPITAL FEDERAL,CAPITAL FEDERAL,NO
CIUDAD AUTONOMA DE BUENOS AIRES,CAPITAL FEDERAL,CAPITAL FEDERAL,NO
CIUDAD AUTONOMA DE BUENOS AIRES,CAPITAL FEDERAL,CAPITAL FEDERAL,NO
CIUDAD AUTONOMA DE BUENOS AIRES,CAPITAL FEDERAL,CAPITAL FEDERAL,NO
CIUDAD AUTONOMA DE BUENOS AIRES,CAPITAL FEDERAL,CAPITAL FEDERAL,NO
CIUDAD AUTONOMA DE BUENOS AIRES,CAPITAL FEDERAL,CAPITAL FEDERAL,NO
CIUDAD AUTONOMA DE BUENOS AIRES,CAPITAL FEDERAL,CAPITAL FEDERAL,NO
CIUDAD AUTONOMA DE BUENOS AIRES,CAPITAL FEDERAL,CAPITAL FEDERAL,NO
CIUDAD AUTONOMA DE BUENOS AIRES,CAPITAL FEDERAL,CAPITAL FEDERAL,NO
CIUDAD AUTONOMA DE BUENOS AIRES,CAPITAL FEDERAL,CAPITAL FEDERAL,NO
CIUDAD AUTONOMA DE BUENOS AIRES,CAPITAL FEDERAL,CAPITAL FEDERAL,NO
EL RODEO,CATAMARCA,AMBATO,NO
LA PUERTA,CATAMARCA,AMBATO,NO
ANCASTI,CATAMARCA,ANCASTI,NO
ANDALGALA,CATAMARCA,ANDALGALA,SI
EL ALAMITO,CATAMARCA,ANDALGALA,NO
BELEN,CATAMARCA,BELEN,SI
HUALFIN,CATAMARCA,BELEN,NO
LONDRES,CATAMARCA,BELEN,NO
CHUMBICHA,CATAMARCA,CAPAYAN,NO
HUILLAPIMA,CATAMARCA,CAPAYAN,NO
MIRAFLORES,CATAMARCA,CAPAYAN,NO
SAN FDO DEL VALLE DE CATAMARCA,CATAMARCA,CAPITAL,SI
SAN FDO DEL VALLE DE CATAMARCA,CATAMARCA,CAPITAL,NO
SAN FDO DEL VALLE DE CATAMARCA,CATAMARCA,CAPITAL,NO
SAN FDO DEL VALLE DE CATAMARCA,CATAMARCA,CAPITAL,NO
EL ALTO,CATAMARCA,EL ALTO,NO
SAN JOSE DE PIEDRA BLANCA,CATAMARCA,FRAY MAMERTO ESQUIU,NO
RECREO,CATAMARCA,LA PAZ,SI
ESQUIU,CATAMARCA,LA PAZ,NO
SAN ANTONIO DE LA PAZ,CATAMARCA,LA PAZ,NO
ICAÑO,CATAMARCA,LA PAZ,NO
LA MERCED,CATAMARCA,PACLIN,NO
MUTQUIN,CATAMARCA,POMAN,NO
POMAN,CATAMARCA,POMAN,NO
SAUJIL,CATAMARCA,POMAN,NO
SAN JOSE,CATAMARCA,SANTA MARIA,NO
SANTA MARIA,CATAMARCA,SANTA MARIA,NO
BAÑADO DE OVANTA,CATAMARCA,SANTA ROSA,NO
LAVALLE,CATAMARCA,SANTA ROSA,NO
LOS ALTOS,CATAMARCA,SANTA ROSA,NO
ALIJILAN,CATAMARCA,SANTA ROSA,NO
TINOGASTA,CATAMARCA,TINOGASTA,SI
COPACABANA,CATAMARCA,TINOGASTA,NO
FIAMBALA,CATAMARCA,TINOGASTA,NO
SANTA ROSA,CATAMARCA,TINOGASTA,NO
LAS TEJAS DE VALLE VIEJO,CATAMARCA,VALLE VIEJO,NO
MARGARITA BELEN,CHACO,1 DE MAYO,NO
GANCEDO,CHACO,12 DE OCTUBRE,NO
GENERAL PINEDO,CHACO,12 DE OCTUBRE,NO
HERMOSO CAMPO,CHACO,2 DE ABRIL,NO
MACHAGAI,CHACO,25 DE MAYO,NO
LAS BREÑAS,CHACO,9 DE JULIO,NO
CONCEPCION DEL BERMEJO,CHACO,ALMIRANTE BROWN,NO
PAMPA DEL INFIERNO,CHACO,ALMIRANTE BROWN,NO
TACO POZO,CHACO,ALMIRANTE BROWN,NO
GENERAL VEDIA,CHACO,BERMEJO,NO
LA LEONESA,CHACO,BERMEJO,NO
LAS PALMAS,CHACO,BERMEJO,NO
CHARATA,CHACO,CHACABUCO,SI
PRESIDENCIA ROQUE SAENZ PEÑA,CHACO,COMANDANTE FERNANDEZ,SI
SANTA SYLVINA,CHACO,FRAY JUSTO SANTA MARIA DE ORO,NO
CORZUELA,CHACO,GENERAL BELGRANO,NO
LA ESCONDIDA,CHACO,GENERAL DONOVAN,NO
LA VERDE,CHACO,GENERAL DONOVAN,NO
MAKALLE,CHACO,GENERAL DONOVAN,NO
COLONIA JUAN JOSE CASTELLI,CHACO,GENERAL GUEMES,SI
AVIA TERAI,CHACO,INDEPENDENCIA,NO
CAMPO LARGO,CHACO,INDEPENDENCIA,NO
PUERTO TIROL,CHACO,LIBERTAD,NO
GENERAL JOSE DE SAN MARTIN,CHACO,LIBERTADOR GRAL SAN MARTIN,NO
PAMPA DEL INDIO,CHACO,LIBERTADOR GRAL SAN MARTIN,NO
PRESIDENCIA ROCA,CHACO,LIBERTADOR GRAL SAN MARTIN,NO
TRES ISLETAS,CHACO,MAIPU,NO
CORONEL DU GRATY,CHACO,MAYOR LUIS J FONTANA,NO
VILLA ANGELA,CHACO,MAYOR LUIS J FONTANA,NO
LA TIGRA,CHACO,O HIGGINS,NO
SAN BERNARDO,CHACO,O HIGGINS,NO
LA CLOTILDE,CHACO,O HIGGINS,NO
PRESIDENCIA DE LA PLAZA,CHACO,PRESIDENCIA DE LA PLAZA,NO
QUITILIPI,CHACO,QUITILIPI,NO
RESISTENCIA,CHACO,SAN FERNANDO,SI
BARRANQUERAS,CHACO,SAN FERNANDO,NO
BASAIL,CHACO,SAN FERNANDO,NO
PUERTO VILELAS,CHACO,SAN FERNANDO,NO
FONTANA,CHACO,SAN FERNANDO,NO
VILLA BERTHET,CHACO,SAN LORENZO,NO
COLONIA ELISA,CHACO,SARGENTO CABRAL,NO
COLONIAS UNIDAS,CHACO,SARGENTO CABRAL,NO
PUERTO MADRYN,CHUBUT,BIEDMA,SI
CHOLILA,CHUBUT,CUSHAMEN,NO
EL MAITEN,CHUBUT,CUSHAMEN,NO
EPUYEN,CHUBUT,CUSHAMEN,NO
LAGO PUELO,CHUBUT,CUSHAMEN,NO
COMODORO RIVADAVIA,CHUBUT,ESCALANTE,SI
COMODORO RIVADAVIA,CHUBUT,ESCALANTE,NO
COMODORO RIVADAVIA,CHUBUT,ESCALANTE,NO
RADA TILLY,CHUBUT,ESCALANTE,NO
CAMARONES,CHUBUT,FLORENTINO AMEGHINO,NO
ESQUEL,CHUBUT,FUTALEUFU,SI
CORCOVADO,CHUBUT,FUTALEUFU,NO
TREVELIN,CHUBUT,FUTALEUFU,NO
DOLAVON,CHUBUT,GAIMAN,NO
GAIMAN,CHUBUT,GAIMAN,NO
TECKA,CHUBUT,LANGUIÑEO,NO
PASO DE INDIOS,CHUBUT,PASO DE INDIOS,NO
TRELEW,CHUBUT,RAWSON,SI
RAWSON,CHUBUT,RAWSON,SI
ALDEA BELEIRO,CHUBUT,RIO SENGUER,NO
ALTO RIO SENGUER,CHUBUT,RIO SENGUER,NO
RIO MAYO,CHUBUT,RIO SENGUER,NO
SARMIENTO,CHUBUT,SARMIENTO,SI
GOBERNADOR COSTA,CHUBUT,TEHUELCHES,NO
JOSE DE SAN MARTIN,CHUBUT,TEHUELCHES,NO
RIO PICO,CHUBUT,TEHUELCHES,NO
TELSEN,CHUBUT,TELSEN,NO
TRELEW ,CHUBUT,TRELEW ,NO
EMBALSE,CORDOBA,CALAMUCHITA,NO
LA CRUZ,CORDOBA,CALAMUCHITA,NO
LOS COCOS,CORDOBA,CALAMUCHITA,NO
LOS CONDORES,CORDOBA,CALAMUCHITA,NO
SAN AGUSTIN,CORDOBA,CALAMUCHITA,NO
SANTA ROSA DE CALAMUCHITA,CORDOBA,CALAMUCHITA,SI
VILLA DEL DIQUE,CORDOBA,CALAMUCHITA,NO
VILLA GENERAL BELGRANO,CORDOBA,CALAMUCHITA,SI
VILLA RUMIPAL,CORDOBA,CALAMUCHITA,NO
CORDOBA,CORDOBA,CAPITAL,SI
CORDOBA,CORDOBA,CAPITAL,SI
CORDOBA,CORDOBA,CAPITAL,SI
CORDOBA,CORDOBA,CAPITAL,SI
CORDOBA,CORDOBA,CAPITAL,SI
CORDOBA,CORDOBA,CAPITAL,SI
CORDOBA,CORDOBA,CAPITAL,SI
CORDOBA,CORDOBA,CAPITAL,SI
CORDOBA,CORDOBA,CAPITAL,SI
CORDOBA,CORDOBA,CAPITAL,SI
CORDOBA,CORDOBA,CAPITAL,NO
CORDOBA,CORDOBA,CAPITAL,NO
CORDOBA,CORDOBA,CAPITAL,NO
CORDOBA,CORDOBA,CAPITAL,NO
CORDOBA,CORDOBA,CAPITAL,NO
AGUA DE ORO,CORDOBA,COLON,NO
COLONIA CAROYA,CORDOBA,COLON,NO
COLONIA TIROLESA,CORDOBA,COLON,NO
JESUS MARIA,CORDOBA,COLON,SI
LA CALERA,CORDOBA,COLON,NO
LA GRANJA,CORDOBA,COLON,NO
LA PUERTA,CORDOBA,COLON,NO
MALVINAS ARGENTINAS,CORDOBA,COLON,NO
MENDIOLAZA,CORDOBA,COLON,NO
RIO CEBALLOS,CORDOBA,COLON,NO
SALDAN,CORDOBA,COLON,NO
SALSIPUEDES,CORDOBA,COLON,SI
UNQUILLO,CORDOBA,COLON,NO
VILLA ALLENDE,CORDOBA,COLON,SI
CORDOBA,CORDOBA,CORDOBA,NO
CORDOBA,CORDOBA,CORDOBA,NO
CORDOBA,CORDOBA,CORDOBA,NO
CORDOBA,CORDOBA,CORDOBA,NO
CORDOBA,CORDOBA,CORDOBA,NO
CORDOBA,CORDOBA,CORDOBA,NO
CORDOBA,CORDOBA,CORDOBA,NO
CORDOBA,CORDOBA,CORDOBA,NO
CRUZ DEL EJE,CORDOBA,CRUZ DEL EJE,NO
SAN MARCOS SIERRAS,CORDOBA,CRUZ DEL EJE,NO
SERREZUELA,CORDOBA,CRUZ DEL EJE,NO
VILLA DE SOTO,CORDOBA,CRUZ DEL EJE,NO
DEL CAMPILLO,CORDOBA,GENERAL ROCA,NO
HIPOLITO BOUCHARD,CORDOBA,GENERAL ROCA,NO
HUINCA RENANCO,CORDOBA,GENERAL ROCA,NO
ITALO,CORDOBA,GENERAL ROCA,NO
JOVITA,CORDOBA,GENERAL ROCA,NO
MATTALDI,CORDOBA,GENERAL ROCA,NO
VILLA HUIDOBRO,CORDOBA,GENERAL ROCA,NO
VILLA VALERIA,CORDOBA,GENERAL ROCA,NO
ARROYO CABRAL,CORDOBA,GENERAL SAN MARTIN,NO
CHAZON,CORDOBA,GENERAL SAN MARTIN,NO
ETRURIA,CORDOBA,GENERAL SAN MARTIN,NO
LA PLAYOSA,CORDOBA,GENERAL SAN MARTIN,NO
TICINO,CORDOBA,GENERAL SAN MARTIN,NO
VILLA MARIA,CORDOBA,GENERAL SAN MARTIN,SI
VILLA MARIA,CORDOBA,GENERAL SAN MARTIN,NO
VILLA MARIA,CORDOBA,GENERAL SAN MARTIN,NO
VILLA MARIA,CORDOBA,GENERAL SAN MARTIN,NO
VILLA NUEVA,CORDOBA,GENERAL SAN MARTIN,NO
DEAN FUNES,CORDOBA,ISCHILIN,NO
QUILINO,CORDOBA,ISCHILIN,NO
ALEJANDRO ROCA,CORDOBA,JUAREZ CELMAN,NO
GENERAL CABRERA,CORDOBA,JUAREZ CELMAN,NO
GENERAL DEHEZA,CORDOBA,JUAREZ CELMAN,NO
LA CARLOTA,CORDOBA,JUAREZ CELMAN,NO
SANTA EUFEMIA,CORDOBA,JUAREZ CELMAN,NO
UCACHA,CORDOBA,JUAREZ CELMAN,NO
ALEJO LEDESMA,CORDOBA,MARCOS JUAREZ,NO
ARIAS,CORDOBA,MARCOS JUAREZ,NO
CAMILO ALDAO,CORDOBA,MARCOS JUAREZ,NO
CORRAL DE BUSTOS,CORDOBA,MARCOS JUAREZ,NO
CRUZ ALTA,CORDOBA,MARCOS JUAREZ,NO
GENERAL BALDISSERA,CORDOBA,MARCOS JUAREZ,NO
GENERAL ROCA,CORDOBA,MARCOS JUAREZ,NO
GUATIMOZIN,CORDOBA,MARCOS JUAREZ,NO
INRIVILLE,CORDOBA,MARCOS JUAREZ,NO
ISLA VERDE,CORDOBA,MARCOS JUAREZ,NO
LEONES,CORDOBA,MARCOS JUAREZ,SI
LOS SURGENTES,CORDOBA,MARCOS JUAREZ,NO
MARCOS JUAREZ,CORDOBA,MARCOS JUAREZ,SI
MONTE BUEY,CORDOBA,MARCOS JUAREZ,NO
SAN CARLOS,CORDOBA,MINAS,NO
SALSACATE,CORDOBA,POCHO,NO
GENERAL LEVALLE,CORDOBA,PRESIDENTE ROQUE SAENZ PEÑA,NO
LABOULAYE,CORDOBA,PRESIDENTE ROQUE SAENZ PEÑA,SI
SERRANO,CORDOBA,PRESIDENTE ROQUE SAENZ PEÑA,NO
CAPILLA DEL MONTE,CORDOBA,PUNILLA,NO
COSQUIN,CORDOBA,PUNILLA,SI
LA CUMBRE,CORDOBA,PUNILLA,NO
LA FALDA,CORDOBA,PUNILLA,SI
TANTI,CORDOBA,PUNILLA,NO
VILLA CARLOS PAZ,CORDOBA,PUNILLA,SI
ACHIRAS,CORDOBA,RIO CUARTO,NO
ADELIA MARIA,CORDOBA,RIO CUARTO,NO
ALCIRA ESTACION GIGENA,CORDOBA,RIO CUARTO,NO
BERROTARAN,CORDOBA,RIO CUARTO,NO
CORONEL MOLDES,CORDOBA,RIO CUARTO,NO
ELENA,CORDOBA,RIO CUARTO,NO
HOLMBERG,CORDOBA,RIO CUARTO,NO
LAS HIGUERAS,CORDOBA,RIO CUARTO,NO
RIO CUARTO,CORDOBA,RIO CUARTO,SI
RIO CUARTO,CORDOBA,RIO CUARTO,NO
RIO CUARTO,CORDOBA,RIO CUARTO,NO
RIO CUARTO,CORDOBA,RIO CUARTO,NO
RIO CUARTO,CORDOBA,RIO CUARTO,NO
SAMPACHO,CORDOBA,RIO CUARTO,NO
SAN BASILIO,CORDOBA,RIO CUARTO,NO
VICUÑA MACKENNA,CORDOBA,RIO CUARTO,NO
LA PARA,CORDOBA,RIO PRIMERO,NO
MONTE CRISTO,CORDOBA,RIO PRIMERO,NO
OBISPO TREJO,CORDOBA,RIO PRIMERO,NO
RIO PRIMERO,CORDOBA,RIO PRIMERO,NO
SANTA ROSA DE RIO PRIMERO,CORDOBA,RIO PRIMERO,NO
SEBASTIAN ELCANO,CORDOBA,RIO SECO,NO
VILLA DE MARIA,CORDOBA,RIO SECO,NO
COLAZO,CORDOBA,RIO SEGUNDO,NO
ESTACION CALCHIN,CORDOBA,RIO SEGUNDO,NO
LAGUNA LARGA,CORDOBA,RIO SEGUNDO,NO
LAS JUNTURAS,CORDOBA,RIO SEGUNDO,NO
LUQUE,CORDOBA,RIO SEGUNDO,NO
ONCATIVO,CORDOBA,RIO SEGUNDO,NO
PILAR,CORDOBA,RIO SEGUNDO,NO
POZO DEL MOLLE,CORDOBA,RIO SEGUNDO,NO
RIO SEGUNDO,CORDOBA,RIO SEGUNDO,SI
SANTIAGO TEMPLE,CORDOBA,RIO SEGUNDO,NO
VILLA DEL ROSARIO,CORDOBA,RIO SEGUNDO,NO
MINA CLAVERO,CORDOBA,SAN ALBERTO,SI
NONO,CORDOBA,SAN ALBERTO,NO
VILLA CURA BROCHERO,CORDOBA,SAN ALBERTO,NO
LA PAZ,CORDOBA,SAN JAVIER,NO
VILLA DE LAS ROSAS,CORDOBA,SAN JAVIER,NO
VILLA DOLORES,CORDOBA,SAN JAVIER,SI
ALICIA,CORDOBA,SAN JUSTO,NO
ALTOS DE CHIPION,CORDOBA,SAN JUSTO,NO
ARROYITO,CORDOBA,SAN JUSTO,NO
BALNEARIA,CORDOBA,SAN JUSTO,NO
BRINKMANN,CORDOBA,SAN JUSTO,NO
COLONIA SAN BARTOLOME,CORDOBA,SAN JUSTO,NO
DEVOTO,CORDOBA,SAN JUSTO,NO
EL ARAÑADO,CORDOBA,SAN JUSTO,NO
EL TIO,CORDOBA,SAN JUSTO,NO
FREYRE,CORDOBA,SAN JUSTO,NO
LA FRANCIA,CORDOBA,SAN JUSTO,NO
LAS VARAS,CORDOBA,SAN JUSTO,NO
LAS VARILLAS,CORDOBA,SAN JUSTO,NO
MARULL,CORDOBA,SAN JUSTO,NO
MIRAMAR,CORDOBA,SAN JUSTO,NO
MORTEROS,CORDOBA,SAN JUSTO,NO
PORTEÑA,CORDOBA,SAN JUSTO,NO
SACANTA,CORDOBA,SAN JUSTO,NO
SAN FRANCISCO,CORDOBA,SAN JUSTO,SI
SATURNINO M LASPIUR,CORDOBA,SAN JUSTO,NO
TRANSITO,CORDOBA,SAN JUSTO,NO
VILLA CONCEPCION DEL TIO,CORDOBA,SAN JUSTO,NO
ALTA GRACIA,CORDOBA,SANTA MARIA,SI
ANISACATE,CORDOBA,SANTA MARIA,NO
DESPEÑADEROS,CORDOBA,SANTA MARIA,NO
MALAGUEÑO,CORDOBA,SANTA MARIA,NO
TOLEDO,CORDOBA,SANTA MARIA,NO
SAN FRANCISCO DEL CHAÑAR,CORDOBA,SOBREMONTE,NO
ALMAFUERTE,CORDOBA,TERCERO ARRIBA,NO
HERNANDO,CORDOBA,TERCERO ARRIBA,NO
JAMES CRAIK,CORDOBA,TERCERO ARRIBA,NO
LAS PERDICES,CORDOBA,TERCERO ARRIBA,NO
OLIVA,CORDOBA,TERCERO ARRIBA,NO
RIO TERCERO,CORDOBA,TERCERO ARRIBA,SI
TANCACHA,CORDOBA,TERCERO ARRIBA,NO
VILLA ASCASUBI,CORDOBA,TERCERO ARRIBA,NO
LAS PEÑAS,CORDOBA,TOTORAL,NO
SINSACATE,CORDOBA,TOTORAL,NO
VILLA DEL TOTORAL,CORDOBA,TOTORAL,NO
SAN JOSE DE LA DORMIDA,CORDOBA,TULUMBA,NO
BALLESTEROS,CORDOBA,UNION,NO
BELL VILLE,CORDOBA,UNION,SI
CANALS,CORDOBA,UNION,NO
CINTRA,CORDOBA,UNION,NO
IDIAZABAL,CORDOBA,UNION,NO
JUSTINIANO POSSE,CORDOBA,UNION,NO
LABORDE,CORDOBA,UNION,NO
MONTE MAIZ,CORDOBA,UNION,NO
MORRISON,CORDOBA,UNION,NO
NOETINGER,CORDOBA,UNION,NO
ORDOÑEZ,CORDOBA,UNION,NO
PASCANAS,CORDOBA,UNION,NO
SAN MARCOS SUD,CORDOBA,UNION,NO
WENCESLAO ESCALANTE,CORDOBA,UNION,NO
BELLA VISTA,CORRIENTES,BELLA VISTA,SI
CORRIENTES,CORRIENTES,CAPITAL,SI
CORRIENTES,CORRIENTES,CAPITAL,NO
CORRIENTES,CORRIENTES,CAPITAL,NO
CORRIENTES,CORRIENTES,CAPITAL,NO
CONCEPCION,CORRIENTES,CONCEPCION,NO
CURUZU CUATIA,CORRIENTES,CURUZU CUATIA,SI
PERUGORRIA,CORRIENTES,CURUZU CUATIA,NO
EMPEDRADO,CORRIENTES,EMPEDRADO,NO
ESQUINA,CORRIENTES,ESQUINA,NO
ALVEAR,CORRIENTES,GENERAL ALVEAR,NO
NTRA SRA DEL ROS DE CAA CATI,CORRIENTES,GENERAL PAZ,NO
ITA IBATE,CORRIENTES,GENERAL PAZ,NO
GOYA,CORRIENTES,GOYA,SI
ITATI,CORRIENTES,ITATI,NO
ITUZAINGO,CORRIENTES,ITUZAINGO,SI
COLONIA LIEBIGS,CORRIENTES,ITUZAINGO,NO
SAN CARLOS,CORRIENTES,ITUZAINGO,NO
SANTA LUCIA,CORRIENTES,LAVALLE,NO
MBURUCUYA,CORRIENTES,MBURUCUYA,NO
MERCEDES,CORRIENTES,MERCEDES,SI
EST SOLARI,CORRIENTES,MERCEDES,NO
MONTE CASEROS,CORRIENTES,MONTE CASEROS,SI
MOCORETA,CORRIENTES,MONTE CASEROS,NO
PASO DE LOS LIBRES,CORRIENTES,PASO DE LOS LIBRES,SI
BONPLAND,CORRIENTES,PASO DE LOS LIBRES,NO
SALADAS,CORRIENTES,SALADAS,SI
SAN LORENZO,CORRIENTES,SALADAS,NO
PASO DE LA PATRIA,CORRIENTES,SAN COSME,NO
SAN COSME,CORRIENTES,SAN COSME,NO
SAN LUIS DEL PALMAR,CORRIENTES,SAN LUIS DEL PALMAR,NO
LA CRUZ,CORRIENTES,SAN MARTIN,NO
YAPEYU,CORRIENTES,SAN MARTIN,NO
LORETO,CORRIENTES,SAN MIGUEL,NO
SAN MIGUEL,CORRIENTES,SAN MIGUEL,NO
CHAVARRIA,CORRIENTES,SAN ROQUE,NO
MANUEL FLORENCIO MANTILLA,CORRIENTES,SAN ROQUE,NO
SAN ROQUE,CORRIENTES,SAN ROQUE,NO
GARRUCHOS,CORRIENTES,SANTO TOME,NO
GOBERNADOR VIRASORO,CORRIENTES,SANTO TOME,NO
SANTO TOME,CORRIENTES,SANTO TOME,SI
SAUCE,CORRIENTES,SAUCE,NO
COLON,ENTRE RIOS,COLON,SI
SAN JOSE,ENTRE RIOS,COLON,SI
UBAJAY,ENTRE RIOS,COLON,NO
VILLA ELISA,ENTRE RIOS,COLON,SI
CONCORDIA,ENTRE RIOS,CONCORDIA,SI
CONCORDIA,ENTRE RIOS,CONCORDIA,NO
DIAMANTE,ENTRE RIOS,DIAMANTE,SI
GENERAL RAMIREZ,ENTRE RIOS,DIAMANTE,NO
ALDEA VALLE MARIA,ENTRE RIOS,DIAMANTE,NO
VILLA LIBERTADOR SAN MARTIN,ENTRE RIOS,DIAMANTE,NO
CHAJARI,ENTRE RIOS,FEDERACION,SI
FEDERACION,ENTRE RIOS,FEDERACION,NO
SAN JAIME DE LA FRONTERA,ENTRE RIOS,FEDERACION,NO
FEDERAL,ENTRE RIOS,FEDERAL,NO
SAN JOSE DE FELICIANO,ENTRE RIOS,FELICIANO,NO
GUALEGUAY,ENTRE RIOS,GUALEGUAY,SI
GENERAL GALARZA,ENTRE RIOS,GUALEGUAY,NO
GUALEGUAYCHU,ENTRE RIOS,GUALEGUAYCHU,SI
LARROQUE,ENTRE RIOS,GUALEGUAYCHU,NO
URDINARRAIN,ENTRE RIOS,GUALEGUAYCHU,NO
IBICUY,ENTRE RIOS,ISLAS DEL IBICUY,NO
VILLA PARANACITO,ENTRE RIOS,ISLAS DEL IBICUY,NO
LA PAZ,ENTRE RIOS,LA PAZ,SI
PUEBLO ARRUA EST ALCARAZ,ENTRE RIOS,LA PAZ,NO
BOVRIL,ENTRE RIOS,LA PAZ,NO
SANTA ELENA,ENTRE RIOS,LA PAZ,NO
NOGOYA,ENTRE RIOS,NOGOYA,SI
HERNANDEZ,ENTRE RIOS,NOGOYA,NO
LUCAS GONZALEZ,ENTRE RIOS,NOGOYA,NO
PARANA,ENTRE RIOS,PARANA,SI
PARANA,ENTRE RIOS,PARANA,NO
PARANA,ENTRE RIOS,PARANA,NO
PARANA,ENTRE RIOS,PARANA,NO
PARANA,ENTRE RIOS,PARANA,NO
CERRITO,ENTRE RIOS,PARANA,NO
CRESPO,ENTRE RIOS,PARANA,NO
HASENKAMP,ENTRE RIOS,PARANA,NO
HERNANDARIAS,ENTRE RIOS,PARANA,NO
MARIA GRANDE,ENTRE RIOS,PARANA,NO
SEGUI,ENTRE RIOS,PARANA,NO
VIALE,ENTRE RIOS,PARANA,NO
PARANA,ENTRE RIOS,PARANA,NO
PARANA,ENTRE RIOS,PARANA,NO
GENERAL CAMPOS,ENTRE RIOS,SAN SALVADOR,NO
SAN SALVADOR,ENTRE RIOS,SAN SALVADOR,NO
GOBERNADOR MANSILLA,ENTRE RIOS,TALA,NO
GOBERNADOR MACIA,ENTRE RIOS,TALA,NO
ROSARIO DEL TALA,ENTRE RIOS,TALA,SI
CONCEPCION DEL URUGUAY,ENTRE RIOS,URUGUAY,SI
BASAVILBASO,ENTRE RIOS,URUGUAY,SI
CASEROS,ENTRE RIOS,URUGUAY,NO
1 DE MAYO,ENTRE RIOS,URUGUAY,NO
VILLA SAN MARCIAL,ENTRE RIOS,URUGUAY,NO
VICTORIA,ENTRE RIOS,VICTORIA,NO
VILLAGUAY,ENTRE RIOS,VILLAGUAY,SI
PUEBLO DOMINGUEZ,ENTRE RIOS,VILLAGUAY,NO
VILLA CLARA,ENTRE RIOS,VILLAGUAY,NO
FORMOSA,FORMOSA,FORMOSA,SI
HERRADURA,FORMOSA,LAISHI,NO
SAN FRANCISCO DE LAISHI,FORMOSA,LAISHI,NO
GRAL LUCIO V MANSILLA,FORMOSA,LAISHI,NO
ING GUILLERMO N JUAREZ,FORMOSA,MATACOS,NO
ESTANISLAO DEL CAMPO,FORMOSA,PATIÑO,NO
VILLA GRAL MANUEL BELGRANO,FORMOSA,PATIÑO,NO
IBARRETA,FORMOSA,PATIÑO,NO
LAS LOMITAS,FORMOSA,PATIÑO,NO
POZO DEL TIGRE,FORMOSA,PATIÑO,NO
VILLA GENERAL GUEMES,FORMOSA,PATIÑO,NO
COMANDANTE FONTANA,FORMOSA,PATIÑO,NO
EL ESPINILLO,FORMOSA,PILAGAS,NO
CLORINDA,FORMOSA,PILCOMAYO,SI
LAGUNA BLANCA,FORMOSA,PILCOMAYO,NO
RIACHO HE HE,FORMOSA,PILCOMAYO,NO
EL COLORADO,FORMOSA,PIRANE,NO
COLONIA CAMPO VILLAFAÑE,FORMOSA,PIRANE,NO
PALO SANTO,FORMOSA,PIRANE,NO
PIRANE,FORMOSA,PIRANE,NO
VILLA DOS TRECE,FORMOSA,PIRANE,NO
ABRA PAMPA,JUJUY,COCHINOCA,NO
SAN SALVADOR DE JUJUY,JUJUY,DR MANUEL BELGRANO,SI
PALPALA,JUJUY,DR MANUEL BELGRANO,SI
SAN SALVADOR DE JUJUY,JUJUY,DR MANUEL BELGRANO,NO
MONTERRICO,JUJUY,EL CARMEN,NO
PERICO,JUJUY,EL CARMEN,NO
EL CARMEN,JUJUY,EL CARMEN,NO
EL AGUILAR,JUJUY,HUMAHUACA,NO
HUMAHUACA,JUJUY,HUMAHUACA,NO
FRAILE PINTADO,JUJUY,LEDESMA,NO
LIB GRAL SAN MARTIN,JUJUY,LEDESMA,SI
YUTO,JUJUY,LEDESMA,NO
LA MENDIETA,JUJUY,SAN PEDRO,NO
SAN PEDRO,JUJUY,SAN PEDRO,SI
MAIMARA,JUJUY,TILCARA,NO
TILCARA,JUJUY,TILCARA,NO
LA QUIACA,JUJUY,YAVI,SI
DOBLAS,LA PAMPA,ATREUCO,NO
MACACHIN,LA PAMPA,ATREUCO,NO
MIGUEL RIGLOS,LA PAMPA,ATREUCO,NO
ROLON,LA PAMPA,ATREUCO,NO
SANTA ROSA,LA PAMPA,CAPITAL,SI
ANGUIL,LA PAMPA,CAPITAL,NO
SANTA ROSA,LA PAMPA,CAPITAL,NO
CATRILO,LA PAMPA,CATRILO,NO
LONQUIMAY,LA PAMPA,CATRILO,NO
URIBURU,LA PAMPA,CATRILO,NO
BERNARDO LARROUDE,LA PAMPA,CHAPALEUFU,NO
CORONEL HILARIO LAGOS,LA PAMPA,CHAPALEUFU,NO
INTENDENTE ALVEAR,LA PAMPA,CHAPALEUFU,NO
EDUARDO CASTEX,LA PAMPA,CONHELO,NO
WINIFREDA,LA PAMPA,CONHELO,NO
ALPACHIRI,LA PAMPA,GUATRACHE,NO
GUATRACHE,LA PAMPA,GUATRACHE,NO
BERNASCONI,LA PAMPA,HUCAL,NO
GENERAL SAN MARTIN,LA PAMPA,HUCAL,NO
JACINTO ARAUZ,LA PAMPA,HUCAL,NO
TELEN,LA PAMPA,LOVENTUE,NO
VICTORICA,LA PAMPA,LOVENTUE,NO
GENERAL PICO,LA PAMPA,MARACO,SI
25 DE MAYO,LA PAMPA,PUELEN,NO
COLONIA BARON,LA PAMPA,QUEMU QUEMU,NO
MIGUEL CANE,LA PAMPA,QUEMU QUEMU,NO
QUEMU QUEMU,LA PAMPA,QUEMU QUEMU,NO
CALEUFU,LA PAMPA,RANCUL,NO
PARERA,LA PAMPA,RANCUL,NO
RANCUL,LA PAMPA,RANCUL,NO
REALICO,LA PAMPA,REALICO,SI
ALTA ITALIA,LA PAMPA,REALICO,NO
EMBAJADOR MARTINI,LA PAMPA,REALICO,NO
INGENIERO LUIGGI,LA PAMPA,REALICO,NO
TOAY,LA PAMPA,TOAY,NO
ARATA,LA PAMPA,TRENEL,NO
TRENEL,LA PAMPA,TRENEL,NO
GENERAL ACHA,LA PAMPA,UTRACAN,SI
AIMOGASTA,LA RIOJA,ARAUCO,NO
VILLA MAZAN,LA RIOJA,ARAUCO,NO
LA RIOJA,LA RIOJA,CAPITAL,SI
LA RIOJA,LA RIOJA,CAPITAL,NO
LA RIOJA,LA RIOJA,CAPITAL,NO
AMINGA,LA RIOJA,CASTRO BARROS,NO
ANILLACO,LA RIOJA,CASTRO BARROS,NO
ANJULLON,LA RIOJA,CASTRO BARROS,NO
CHAMICAL,LA RIOJA,CHAMICAL,SI
CHILECITO,LA RIOJA,CHILECITO,SI
NONOGASTA,LA RIOJA,CHILECITO,NO
GUANDACOL,LA RIOJA,CORONEL FELIPE VARELA,NO
VILLA UNION,LA RIOJA,CORONEL FELIPE VARELA,NO
CAMPANAS,LA RIOJA,FAMATINA,NO
FAMATINA,LA RIOJA,FAMATINA,NO
PITUIL,LA RIOJA,FAMATINA,NO
EL CARRIZAL TAMA,LA RIOJA,GENERAL ANGEL VICENTE PEÑALOZA,NO
OLTA,LA RIOJA,GENERAL BELGRANO,NO
MALANZAN,LA RIOJA,GENERAL JUAN FACUNDO QUIROGA,NO
VILLA CASTELLI,LA RIOJA,GENERAL LAMADRID,NO
MILAGRO,LA RIOJA,GENERAL OCAMPO,NO
VILLA SANTA RITA,LA RIOJA,GENERAL OCAMPO,NO
ULAPES,LA RIOJA,GENERAL SAN MARTIN,NO
PATQUIA,LA RIOJA,INDEPENDENCIA,NO
CHEPES,LA RIOJA,ROSARIO VERA PEÑALOZA,NO
DESIDERIO TELLO,LA RIOJA,ROSARIO VERA PEÑALOZA,NO
SALICAS,LA RIOJA,SAN BLAS DE LOS SAUCES,NO
VILLA SANAGASTA,LA RIOJA,SANAGASTA,NO
VINCHINA,LA RIOJA,VINCHINA,NO
MENDOZA,MENDOZA,CAPITAL,SI
MENDOZA,MENDOZA,CAPITAL,SI
BOWEN,MENDOZA,GENERAL ALVEAR,NO
CARMENSA,MENDOZA,GENERAL ALVEAR,NO
COLONIA ALVEAR OESTE,MENDOZA,GENERAL ALVEAR,NO
GENERAL ALVEAR,MENDOZA,GENERAL ALVEAR,NO
GODOY CRUZ,MENDOZA,GODOY CRUZ,SI
BERMEJO,MENDOZA,GUAYMALLEN,SI
DORREGO,MENDOZA,GUAYMALLEN,NO
KILOMETRO 11,MENDOZA,GUAYMALLEN,NO
SAN JOSE,MENDOZA,GUAYMALLEN,NO
VILLA NUEVA,MENDOZA,GUAYMALLEN,NO
INGENIERO GIAGNONI,MENDOZA,JUNIN,NO
JUNIN,MENDOZA,JUNIN,NO
LA PAZ,MENDOZA,LA PAZ,NO
LAS HERAS,MENDOZA,LAS HERAS,SI
PUNTA DE VACAS,MENDOZA,LAS HERAS,NO
USPALLATA,MENDOZA,LAS HERAS,NO
VILLA TULUMAYA,MENDOZA,LAVALLE,NO
LUJAN DE CUYO,MENDOZA,LUJAN DE CUYO,SI
CARRODILLA LA PUNTILLA,MENDOZA,LUJAN DE CUYO,SI
CHACRAS DE CORIA,MENDOZA,LUJAN DE CUYO,NO
LUJAN DE CUYO,MENDOZA,LUJAN DE CUYO ,NO
MAIPU,MENDOZA,MAIPU,SI
RODEO DEL MEDIO,MENDOZA,MAIPU,SI
FRAY LUIS BELTRAN,MENDOZA,MAIPU,NO
MALARGUE,MENDOZA,MALARGUE,NO
VALLE DE LAS LEÑAS,MENDOZA,MALARGUE,NO
RIVADAVIA,MENDOZA,RIVADAVIA,SI
MEDRANO,MENDOZA,RIVADAVIA,NO
EUGENIO BUSTOS,MENDOZA,SAN CARLOS,NO
LA CONSULTA,MENDOZA,SAN CARLOS,NO
SAN CARLOS,MENDOZA,SAN CARLOS,NO
SAN JOSE,MENDOZA,SAN JOSE,NO
SAN JOSE,MENDOZA,SAN JOSE,NO
SAN MARTIN,MENDOZA,SAN MARTIN,SI
PALMIRA,MENDOZA,SAN MARTIN,NO
SAN RAFAEL,MENDOZA,SAN RAFAEL,SI
MONTE COMAN,MENDOZA,SAN RAFAEL,NO
REAL DEL PADRE,MENDOZA,SAN RAFAEL,NO
VILLA ATUEL,MENDOZA,SAN RAFAEL,NO
LA DORMIDA,MENDOZA,SANTA ROSA,NO
LAS CATITAS,MENDOZA,SANTA ROSA,NO
SANTA ROSA,MENDOZA,SANTA ROSA,NO
CAMPO DE LOS ANDES,MENDOZA,TUNUYAN,NO
TUNUYAN,MENDOZA,TUNUYAN,NO
VISTA FLORES,MENDOZA,TUNUYAN,NO
TUPUNGATO,MENDOZA,TUPUNGATO,NO
VILLA HIPODROMO,MENDOZA,VILLA HIPODROMO ,NO
ALBA POSSE,MISIONES,25 DE MAYO,NO
25 DE MAYO,MISIONES,25 DE MAYO,NO
APOSTOLES,MISIONES,APOSTOLES,SI
AZARA,MISIONES,APOSTOLES,NO
SAN JOSE,MISIONES,APOSTOLES,NO
ARISTOBULO DEL VALLE,MISIONES,CAINGUAS,NO
CAMPO GRANDE,MISIONES,CAINGUAS,NO
2 DE MAYO,MISIONES,CAINGUAS,NO
BONPLAND,MISIONES,CANDELARIA,NO
CANDELARIA,MISIONES,CANDELARIA,NO
SANTA ANA,MISIONES,CANDELARIA,NO
POSADAS,MISIONES,CAPITAL,SI
POSADAS,MISIONES,CAPITAL,NO
POSADAS,MISIONES,CAPITAL,NO
CONCEPCION DE LA SIERRA,MISIONES,CONCEPCION,NO
ELDORADO,MISIONES,ELDORADO,SI
BERNARDO DE IRIGOYEN,MISIONES,GENERAL MANUEL BELGRANO,SI
ALMIRANTE BROWN,MISIONES,GENERAL MANUEL BELGRANO,NO
EL SOBERBIO,MISIONES,GUARANI,NO
SAN VICENTE,MISIONES,GUARANI,NO
PUERTO IGUAZU,MISIONES,IGUAZU,SI
WANDA,MISIONES,IGUAZU,NO
LIBERTAD,MISIONES,IGUAZU,NO
PUERTO ESPERANZA,MISIONES,IGUAZU,NO
LEANDRO N ALEM,MISIONES,LEANDRO N ALEM,SI
CERRO AZUL,MISIONES,LEANDRO N ALEM,NO
CAPIOVI,MISIONES,LIBERTADOR GRAL SAN MARTIN,NO
PUERTO RICO,MISIONES,LIBERTADOR GRAL SAN MARTIN,NO
MONTECARLO,MISIONES,MONTECARLO,NO
PUERTO PIRAY,MISIONES,MONTECARLO,NO
OBERA,MISIONES,OBERA,SI
CAMPO VIERA,MISIONES,OBERA,NO
CORPUS,MISIONES,SAN IGNACIO,NO
GOBERNADOR ROCA,MISIONES,SAN IGNACIO,NO
JARDIN AMERICA,MISIONES,SAN IGNACIO,SI
SAN IGNACIO,MISIONES,SAN IGNACIO,NO
SANTO PIPO,MISIONES,SAN IGNACIO,NO
ITACARUARE,MISIONES,SAN JAVIER,NO
SAN JAVIER,MISIONES,SAN JAVIER,SI
SAN PEDRO,MISIONES,SAN PEDRO,NO
ALUMINE,NEUQUEN,ALUMINE,SI
AÑELO,NEUQUEN,AÑELO,NO
SAN PATRICIO DEL CHAÑAR,NEUQUEN,AÑELO,NO
CHOS MALAL,NEUQUEN,CHOS MALAL,SI
PIEDRA DEL AGUILA,NEUQUEN,COLLON CURA,NO
NEUQUEN,NEUQUEN,CONFLUENCIA,SI
CUTRAL CO,NEUQUEN,CONFLUENCIA,SI
CENTENARIO,NEUQUEN,CONFLUENCIA,SI
PLOTTIER,NEUQUEN,CONFLUENCIA,SI
PLAZA HUINCUL,NEUQUEN,CONFLUENCIA,NO
SENILLOSA,NEUQUEN,CONFLUENCIA,NO
VILLA EL CHOCON,NEUQUEN,CONFLUENCIA,NO
JUNIN DE LOS ANDES,NEUQUEN,HUILICHES,SI
SAN MARTIN DE LOS ANDES,NEUQUEN,LACAR,SI
LONCOPUE,NEUQUEN,LONCOPUE,NO
VILLA TRAFUL,NEUQUEN,LOS LAGOS,NO
VILLA LA ANGOSTURA,NEUQUEN,LOS LAGOS,SI
ANDACOLLO,NEUQUEN,MINAS,NO
EL HUECU,NEUQUEN,ÑORQUIN,NO
RINCON DE LOS SAUCES,NEUQUEN,PEHUENCHES,SI
PICUN LEUFU,NEUQUEN,PICUN LEUFU,NO
LAS LAJAS,NEUQUEN,PICUNCHES,NO
ZAPALA,NEUQUEN,ZAPALA,SI
MARIANO MORENO,NEUQUEN,ZAPALA,NO
INGENIERO JACOBACCI,RIO NEGRO,25 DE MAYO,NO
MAQUINCHAO,RIO NEGRO,25 DE MAYO,NO
LOS MENUCOS,RIO NEGRO,25 DE MAYO,NO
VIEDMA,RIO NEGRO,ADOLFO ALSINA,SI
CHIMPAY,RIO NEGRO,AVELLANEDA,NO
CHOELE CHOEL,RIO NEGRO,AVELLANEDA,SI
LAMARQUE,RIO NEGRO,AVELLANEDA,NO
LUIS BELTRAN,RIO NEGRO,AVELLANEDA,NO
SAN CARLOS DE BARILOCHE,RIO NEGRO,BARILOCHE,SI
EL BOLSON,RIO NEGRO,BARILOCHE,SI
SAN CARLOS DE BARILOCHE,RIO NEGRO,BARILOCHE,SI
SAN CARLOS DE BARILOCHE,RIO NEGRO,BARILOCHE,NO
GENERAL CONESA,RIO NEGRO,CONESA,NO
CIPOLLETTI,RIO NEGRO,GENERAL ROCA,SI
GENERAL ROCA,RIO NEGRO,GENERAL ROCA,SI
VILLA REGINA,RIO NEGRO,GENERAL ROCA,SI
ALLEN,RIO NEGRO,GENERAL ROCA,NO
BARDA DEL MEDIO,RIO NEGRO,GENERAL ROCA,NO
CATRIEL,RIO NEGRO,GENERAL ROCA,NO
CERVANTES,RIO NEGRO,GENERAL ROCA,NO
CINCO SALTOS,RIO NEGRO,GENERAL ROCA,SI
CHICHINALES,RIO NEGRO,GENERAL ROCA,NO
GENERAL FERNANDEZ ORO,RIO NEGRO,GENERAL ROCA,NO
GENERAL ENRIQUE GODOY,RIO NEGRO,GENERAL ROCA,NO
INGENIERO HUERGO,RIO NEGRO,GENERAL ROCA,NO
MAINQUE,RIO NEGRO,GENERAL ROCA,NO
VILLA MANZANO,RIO NEGRO,GENERAL ROCA,NO
CIPOLLETTI,RIO NEGRO,GENERAL ROCA,NO
ÑORQUINCO,RIO NEGRO,ÑORQUINCO,NO
RIO COLORADO,RIO NEGRO,PICHI MAHUIDA,NO
COMALLO,RIO NEGRO,PILCANIYEU,NO
PILCANIYEU,RIO NEGRO,PILCANIYEU,NO
SAN ANTONIO OESTE,RIO NEGRO,SAN ANTONIO,SI
SIERRA GRANDE,RIO NEGRO,SAN ANTONIO,NO
BALNEARIO LAS GRUTAS,RIO NEGRO,SAN ANTONIO,NO
VALCHETA,RIO NEGRO,VALCHETA,NO
APOLINARIO SARAVIA,SALTA,ANTA,NO
JOAQUIN V GONZALEZ,SALTA,ANTA,NO
LAS LAJITAS,SALTA,ANTA,NO
CACHI,SALTA,CACHI,NO
CAFAYATE,SALTA,CAFAYATE,NO
SALTA,SALTA,CAPITAL,SI
SALTA,SALTA,CAPITAL,NO
SALTA,SALTA,CAPITAL,NO
SALTA,SALTA,CAPITAL,NO
CERRILLOS,SALTA,CERRILLOS,NO
CHICOANA,SALTA,CHICOANA,NO
EL CARRIL,SALTA,CHICOANA,NO
GENERAL GUEMES,SALTA,GENERAL GUEMES,SI
TARTAGAL,SALTA,GENERAL JOSE DE SAN MARTIN,SI
AGUARAY,SALTA,GENERAL JOSE DE SAN MARTIN,NO
EMBARCACION,SALTA,GENERAL JOSE DE SAN MARTIN,NO
GENERAL ENRIQUE MOSCONI,SALTA,GENERAL JOSE DE SAN MARTIN,SI
SALVADOR MAZZA,SALTA,GENERAL JOSE DE SAN MARTIN,SI
IRUYA,SALTA,IRUYA,NO
EL TALA,SALTA,LA CANDELARIA,NO
LA POMA,SALTA,LA POMA,NO
SAN ANTONIO DE LOS COBRES,SALTA,LOS ANDES,NO
METAN,SALTA,METAN,SI
EL GALPON,SALTA,METAN,NO
SECLANTAS,SALTA,MOLINOS,NO
SAN RAMON DE LA NUEVA ORAN,SALTA,ORAN,SI
COLONIA SANTA ROSA,SALTA,ORAN,NO
HIPOLITO YRIGOYEN,SALTA,ORAN,NO
PICHANAL,SALTA,ORAN,NO
RIVADAVIA,SALTA,RIVADAVIA,NO
SANTA VICTORIA ESTE,SALTA,RIVADAVIA,NO
ROSARIO DE LA FRONTERA,SALTA,ROSARIO DE LA FRONTERA,NO
CAMPO QUIJANO,SALTA,ROSARIO DE LERMA,NO
ROSARIO DE LERMA,SALTA,ROSARIO DE LERMA,NO
SALTA,SALTA,SALTA,NO
SAN CARLOS,SALTA,SAN CARLOS,NO
VILLA SANTA ROSA,SAN JUAN,25 DE MAYO,NO
EST ALBARDON,SAN JUAN,ALBARDON,NO
VILLA DEL SALVADOR,SAN JUAN,ANGACO,NO
BARREAL,SAN JUAN,CALINGASTA,NO
CALINGASTA,SAN JUAN,CALINGASTA,NO
SAN JUAN,SAN JUAN,CAPITAL,SI
CAUCETE,SAN JUAN,CAUCETE,NO
CHIMBAS,SAN JUAN,CHIMBAS,NO
ANGUALASTO,SAN JUAN,IGLESIA,NO
IGLESIA,SAN JUAN,IGLESIA,NO
LAS FLORES,SAN JUAN,IGLESIA,NO
RODEO,SAN JUAN,IGLESIA,NO
JACHAL,SAN JUAN,JACHAL,SI
VILLA ABERASTAIN,SAN JUAN,POCITO,NO
CAPITAN LAZO,SAN JUAN,RAWSON,NO
VILLA KRAUSE,SAN JUAN,RAWSON,NO
RIVADAVIA,SAN JUAN,RIVADAVIA,NO
MARQUESADO,SAN JUAN,RIVADAVIA,NO
SAN MARTIN,SAN JUAN,SAN MARTIN,NO
ALTO DE SIERRA,SAN JUAN,SANTA LUCIA,NO
SANTA LUCIA,SAN JUAN,SANTA LUCIA,NO
MEDIA AGUA,SAN JUAN,SARMIENTO,NO
SAN AGUSTIN DEL VALLE FERTIL,SAN JUAN,VALLE FERTIL,NO
CANDELARIA,SAN LUIS,AYACUCHO,NO
LUJAN,SAN LUIS,AYACUCHO,NO
QUINES,SAN LUIS,AYACUCHO,NO
SAN FRANCISCO DEL MONTE DE ORO,SAN LUIS,AYACUCHO,NO
TILISARAO,SAN LUIS,CHACABUCO,SI
CONCARAN,SAN LUIS,CHACABUCO,NO
NASCHEL,SAN LUIS,CHACABUCO,NO
LA TOMA,SAN LUIS,CORONEL PRINGLES,SI
VILLA MERCEDES,SAN LUIS,GENERAL PEDERNERA,SI
JUSTO DARACT,SAN LUIS,GENERAL PEDERNERA,NO
VILLA MERCEDES,SAN LUIS,GENERAL PEDERNERA,NO
VILLA REYNOLDS,SAN LUIS,GENERAL PEDERNERA,NO
ARIZONA,SAN LUIS,GOBERNADOR DUPUY,NO
BUENA ESPERANZA,SAN LUIS,GOBERNADOR DUPUY,NO
NUEVA GALIA,SAN LUIS,GOBERNADOR DUPUY,NO
UNION,SAN LUIS,GOBERNADOR DUPUY,NO
SAN LUIS,SAN LUIS,JUAN MARTIN DE PUEYRREDON,SI
SAN LUIS,SAN LUIS,JUAN MARTIN DE PUEYRREDON,NO
SAN LUIS,SAN LUIS,JUAN MARTIN DE PUEYRREDON,NO
LA PUNTA,SAN LUIS,JUAN MARTIN DE PUEYRREDON,NO
MERLO,SAN LUIS,JUNIN,SI
SANTA ROSA DE CONLARA,SAN LUIS,JUNIN,NO
SAN MARTIN,SAN LUIS,LIBERTADOR GENERAL SAN MARTIN,NO
SAN LUIS,SAN LUIS,SAN LUIS,NO
COMANDANTE LUIS PIEDRABUENA,SANTA CRUZ,CORPEN AIKE,SI
PUERTO SANTA CRUZ,SANTA CRUZ,CORPEN AIKE,NO
CALETA OLIVIA,SANTA CRUZ,DESEADO,SI
PICO TRUNCADO,SANTA CRUZ,DESEADO,SI
PUERTO DESEADO,SANTA CRUZ,DESEADO,SI
CAÑADON SECO,SANTA CRUZ,DESEADO,NO
LAS HERAS,SANTA CRUZ,DESEADO,SI
RIO GALLEGOS,SANTA CRUZ,GUER AIKE,SI
RIO GALLEGOS,SANTA CRUZ,GUER AIKE,NO
RIO TURBIO,SANTA CRUZ,GUER AIKE,SI
28 DE NOVIEMBRE,SANTA CRUZ,GUER AIKE,SI
ROSPENTEK,SANTA CRUZ,GUER AIKE,NO
EL CALAFATE,SANTA CRUZ,LAGO ARGENTINO,SI
TRES LAGOS,SANTA CRUZ,LAGO ARGENTINO,NO
EL CHALTEN,SANTA CRUZ,LAGO ARGENTINO,SI
LOS ANTIGUOS,SANTA CRUZ,LAGO BUENOS AIRES,NO
PERITO MORENO,SANTA CRUZ,LAGO BUENOS AIRES,NO
PUERTO SAN JULIAN,SANTA CRUZ,MAGALLANES,SI
GOBERNADOR GREGORES,SANTA CRUZ,RIO CHICO,SI
TOSTADO,SANTA FE,9 DE JULIO,NO
VILLA MINETTI,SANTA FE,9 DE JULIO,NO
SAN GUILLERMO,SANTA FE,BELGRANO,NO
ARMSTRONG,SANTA FE,BELGRANO,SI
BOUQUET,SANTA FE,BELGRANO,NO
LAS PAREJAS,SANTA FE,BELGRANO,NO
LAS ROSAS,SANTA FE,BELGRANO,NO
MONTES DE OCA,SANTA FE,BELGRANO,NO
TORTUGAS,SANTA FE,BELGRANO,NO
CASILDA,SANTA FE,CASEROS,SI
AREQUITO,SANTA FE,CASEROS,NO
ARTEAGA,SANTA FE,CASEROS,NO
BERABEVU,SANTA FE,CASEROS,NO
BIGAND,SANTA FE,CASEROS,NO
CHAÑAR LADEADO,SANTA FE,CASEROS,NO
CHABAS,SANTA FE,CASEROS,NO
GODEKEN,SANTA FE,CASEROS,NO
LOS MOLINOS,SANTA FE,CASEROS,NO
LOS QUIRQUINCHOS,SANTA FE,CASEROS,NO
SANFORD,SANTA FE,CASEROS,NO
SAN JOSE DE LA ESQUINA,SANTA FE,CASEROS,NO
RAFAELA,SANTA FE,CASTELLANOS,SI
SUNCHALES,SANTA FE,CASTELLANOS,SI
ANGELICA,SANTA FE,CASTELLANOS,NO
ATALIVA,SANTA FE,CASTELLANOS,NO
PLAZA CLUCELLAS,SANTA FE,CASTELLANOS,NO
FRONTERA,SANTA FE,CASTELLANOS,NO
HUMBERTO PRIMERO,SANTA FE,CASTELLANOS,NO
LEHMANN,SANTA FE,CASTELLANOS,NO
MARIA JUANA,SANTA FE,CASTELLANOS,NO
RAMONA,SANTA FE,CASTELLANOS,NO
SAN VICENTE,SANTA FE,CASTELLANOS,NO
SANTA CLARA DE SAGUIER,SANTA FE,CASTELLANOS,NO
TACURAL,SANTA FE,CASTELLANOS,NO
VILA,SANTA FE,CASTELLANOS,NO
ZENON PEREYRA,SANTA FE,CASTELLANOS,NO
VILLA CONSTITUCION,SANTA FE,CONSTITUCION,SI
ALCORTA,SANTA FE,CONSTITUCION,NO
BOMBAL,SANTA FE,CONSTITUCION,NO
EMPALME VILLA CONSTITUCION,SANTA FE,CONSTITUCION,NO
GODOY,SANTA FE,CONSTITUCION,NO
JUAN B MOLINA,SANTA FE,CONSTITUCION,NO
JUNCAL,SANTA FE,CONSTITUCION,NO
PAVON ARRIBA,SANTA FE,CONSTITUCION,NO
MAXIMO PAZ,SANTA FE,CONSTITUCION,NO
PEYRANO,SANTA FE,CONSTITUCION,NO
RUEDA,SANTA FE,CONSTITUCION,NO
SANTA TERESA,SANTA FE,CONSTITUCION,NO
CAYASTA,SANTA FE,GARAY,NO
HELVECIA,SANTA FE,GARAY,NO
SANTA ROSA DE CALCHINES,SANTA FE,GARAY,NO
FIRMAT,SANTA FE,GENERAL LOPEZ,SI
RUFINO,SANTA FE,GENERAL LOPEZ,SI
VENADO TUERTO,SANTA FE,GENERAL LOPEZ,SI
AMENABAR,SANTA FE,GENERAL LOPEZ,NO
CAÑADA DEL UCLE,SANTA FE,GENERAL LOPEZ,NO
CAFFERATA,SANTA FE,GENERAL LOPEZ,NO
CARMEN,SANTA FE,GENERAL LOPEZ,NO
CARRERAS,SANTA FE,GENERAL LOPEZ,NO
CHOVET,SANTA FE,GENERAL LOPEZ,NO
DIEGO DE ALVEAR,SANTA FE,GENERAL LOPEZ,NO
ELORTONDO,SANTA FE,GENERAL LOPEZ,NO
HUGHES,SANTA FE,GENERAL LOPEZ,NO
LABORDEBOY,SANTA FE,GENERAL LOPEZ,NO
MAGGIOLO,SANTA FE,GENERAL LOPEZ,NO
MARIA TERESA,SANTA FE,GENERAL LOPEZ,NO
MELINCUE,SANTA FE,GENERAL LOPEZ,NO
MURPHY,SANTA FE,GENERAL LOPEZ,NO
SAN EDUARDO,SANTA FE,GENERAL LOPEZ,NO
SAN GREGORIO,SANTA FE,GENERAL LOPEZ,NO
SANCTI SPIRITU,SANTA FE,GENERAL LOPEZ,NO
SANTA ISABEL,SANTA FE,GENERAL LOPEZ,NO
TEODELINA,SANTA FE,GENERAL LOPEZ,NO
VILLA CAÑAS,SANTA FE,GENERAL LOPEZ,NO
WHEELWRIGHT,SANTA FE,GENERAL LOPEZ,NO
RECONQUISTA,SANTA FE,GENERAL OBLIGADO,SI
AVELLANEDA,SANTA FE,GENERAL OBLIGADO,SI
FLORENCIA,SANTA FE,GENERAL OBLIGADO,NO
LAS TOSCAS,SANTA FE,GENERAL OBLIGADO,NO
MALABRIGO,SANTA FE,GENERAL OBLIGADO,NO
VILLA ANA,SANTA FE,GENERAL OBLIGADO,NO
VILLA GUILLERMINA,SANTA FE,GENERAL OBLIGADO,NO
VILLA OCAMPO,SANTA FE,GENERAL OBLIGADO,NO
CAÑADA DE GOMEZ,SANTA FE,IRIONDO,SI
CORREA,SANTA FE,IRIONDO,NO
OLIVEROS,SANTA FE,IRIONDO,NO
SALTO GRANDE,SANTA FE,IRIONDO,NO
SERODINO,SANTA FE,IRIONDO,NO
TOTORAS,SANTA FE,IRIONDO,NO
VILLA ELOISA,SANTA FE,IRIONDO,NO
SANTA FE,SANTA FE,LA CAPITAL,SI
SANTA FE,SANTA FE,LA CAPITAL,SI
SANTO TOME,SANTA FE,LA CAPITAL,SI
SANTA FE,SANTA FE,LA CAPITAL,SI
SANTA FE,SANTA FE,LA CAPITAL,NO
SANTA FE,SANTA FE,LA CAPITAL,NO
SANTA FE,SANTA FE,LA CAPITAL,NO
SANTA FE,SANTA FE,LA CAPITAL,NO
SANTA FE,SANTA FE,LA CAPITAL,NO
SANTA FE,SANTA FE,LA CAPITAL,SI
SANTA FE,SANTA FE,LA CAPITAL,NO
LAGUNA PAIVA,SANTA FE,LA CAPITAL,NO
LLAMBI CAMPBELL,SANTA FE,LA CAPITAL,NO
NELSON,SANTA FE,LA CAPITAL,NO
RECREO,SANTA FE,LA CAPITAL,NO
SAN JOSE DEL RINCON,SANTA FE,LA CAPITAL,NO
SAUCE VIEJO,SANTA FE,LA CAPITAL,NO
SANTA FE,SANTA FE,LA CAPITAL,NO
SANTA FE,SANTA FE,LA CAPITAL,NO
SANTA FE,SANTA FE,LA CAPITAL,NO
ESPERANZA,SANTA FE,LAS COLONIAS,SI
ELISA,SANTA FE,LAS COLONIAS,NO
FELICIA,SANTA FE,LAS COLONIAS,NO
FRANCK,SANTA FE,LAS COLONIAS,NO
HUMBOLDT,SANTA FE,LAS COLONIAS,NO
PILAR,SANTA FE,LAS COLONIAS,NO
PROGRESO,SANTA FE,LAS COLONIAS,NO
SA PEREYRA,SANTA FE,LAS COLONIAS,NO
SAN CARLOS CENTRO,SANTA FE,LAS COLONIAS,NO
SAN CARLOS SUD,SANTA FE,LAS COLONIAS,NO
SAN JERONIMO NORTE,SANTA FE,LAS COLONIAS,NO
SANTA CLARA DE BUENA VISTA,SANTA FE,LAS COLONIAS,NO
SARMIENTO,SANTA FE,LAS COLONIAS,NO
ROSARIO,SANTA FE,ROSARIO,SI
ROSARIO,SANTA FE,ROSARIO,SI
ROSARIO,SANTA FE,ROSARIO,SI
ROSARIO,SANTA FE,ROSARIO,SI
ROSARIO,SANTA FE,ROSARIO,SI
ROSARIO,SANTA FE,ROSARIO,SI
ROSARIO,SANTA FE,ROSARIO,SI
ROSARIO,SANTA FE,ROSARIO,SI
ROSARIO,SANTA FE,ROSARIO,SI
ROSARIO,SANTA FE,ROSARIO,SI
ROSARIO,SANTA FE,ROSARIO,SI
ROSARIO,SANTA FE,ROSARIO,SI
ROSARIO,SANTA FE,ROSARIO,SI
ROSARIO,SANTA FE,ROSARIO,SI
ROSARIO,SANTA FE,ROSARIO,SI
GRANADERO BAIGORRIA,SANTA FE,ROSARIO,SI
FUNES,SANTA FE,ROSARIO,SI
VILLA GOBERNADOR GALVEZ,SANTA FE,ROSARIO,SI
ROSARIO,SANTA FE,ROSARIO,NO
ROSARIO,SANTA FE,ROSARIO,NO
ROSARIO,SANTA FE,ROSARIO,NO
ACEBAL,SANTA FE,ROSARIO,NO
ALVAREZ,SANTA FE,ROSARIO,NO
ARROYO SECO,SANTA FE,ROSARIO,SI
CORONEL BOGADO,SANTA FE,ROSARIO,NO
FIGHIERA,SANTA FE,ROSARIO,NO
PEREZ,SANTA FE,ROSARIO,NO
ZAVALLA,SANTA FE,ROSARIO,NO
ROSARIO,SANTA FE,ROSARIO,NO
ROSARIO,SANTA FE,ROSARIO,NO
ROSARIO,SANTA FE,ROSARIO,NO
ROSARIO,SANTA FE,ROSARIO,NO
ROSARIO,SANTA FE,ROSARIO ,NO
ARRUFO,SANTA FE,SAN CRISTOBAL,NO
CERES,SANTA FE,SAN CRISTOBAL,SI
HERSILIA,SANTA FE,SAN CRISTOBAL,NO
MOISES VILLE,SANTA FE,SAN CRISTOBAL,NO
SAN CRISTOBAL,SANTA FE,SAN CRISTOBAL,SI
SUARDI,SANTA FE,SAN CRISTOBAL,NO
VILLA TRINIDAD,SANTA FE,SAN CRISTOBAL,NO
ALEJANDRA,SANTA FE,SAN JAVIER,NO
ROMANG,SANTA FE,SAN JAVIER,NO
SAN JAVIER,SANTA FE,SAN JAVIER,NO
GALVEZ,SANTA FE,SAN JERONIMO,SI
AROCENA,SANTA FE,SAN JERONIMO,NO
BARRANCAS,SANTA FE,SAN JERONIMO,NO
BERNARDO DE IRIGOYEN,SANTA FE,SAN JERONIMO,NO
CENTENO,SANTA FE,SAN JERONIMO,NO
CORONDA,SANTA FE,SAN JERONIMO,NO
DIAZ,SANTA FE,SAN JERONIMO,NO
GESSLER,SANTA FE,SAN JERONIMO,NO
IRIGOYEN,SANTA FE,SAN JERONIMO,NO
LOPEZ,SANTA FE,SAN JERONIMO,NO
MACIEL,SANTA FE,SAN JERONIMO,NO
MONJE,SANTA FE,SAN JERONIMO,NO
SAN GENARO,SANTA FE,SAN JERONIMO,NO
SAN GENARO NORTE,SANTA FE,SAN JERONIMO,NO
GOBERNADOR CRESPO,SANTA FE,SAN JUSTO,NO
LA CRIOLLA,SANTA FE,SAN JUSTO,NO
MARCELINO ESCALADA,SANTA FE,SAN JUSTO,NO
SAN JUSTO,SANTA FE,SAN JUSTO,SI
VERA Y PINTADO,SANTA FE,SAN JUSTO,NO
VIDELA,SANTA FE,SAN JUSTO,NO
SAN LORENZO,SANTA FE,SAN LORENZO,SI
CAPITAN BERMUDEZ,SANTA FE,SAN LORENZO,NO
CARCARAÑA,SANTA FE,SAN LORENZO,NO
FRAY LUIS BELTRAN,SANTA FE,SAN LORENZO,NO
FUENTES,SANTA FE,SAN LORENZO,NO
PUERTO GRAL SAN MARTIN,SANTA FE,SAN LORENZO,NO
PUJATO,SANTA FE,SAN LORENZO,NO
ROLDAN,SANTA FE,SAN LORENZO,NO
SAN JERONIMO SUD,SANTA FE,SAN LORENZO,NO
TIMBUES,SANTA FE,SAN LORENZO,NO
VILLA MUGUETA,SANTA FE,SAN LORENZO,NO
COLONIA BELGRANO,SANTA FE,SAN MARTIN,NO
CAÑADA ROSQUIN,SANTA FE,SAN MARTIN,NO
CARLOS PELLEGRINI,SANTA FE,SAN MARTIN,NO
EL TREBOL,SANTA FE,SAN MARTIN,NO
LANDETA,SANTA FE,SAN MARTIN,NO
LAS PETACAS,SANTA FE,SAN MARTIN,NO
LOS CARDOS,SANTA FE,SAN MARTIN,NO
MARIA SUSANA,SANTA FE,SAN MARTIN,NO
PIAMONTE,SANTA FE,SAN MARTIN,NO
SAN JORGE,SANTA FE,SAN MARTIN,SI
SAN MARTIN DE LAS ESCOBAS,SANTA FE,SAN MARTIN,NO
SASTRE,SANTA FE,SAN MARTIN,NO
SANTA FE,SANTA FE,SANTA FE,NO
SANTA FE,SANTA FE,SANTA FE,NO
SANTE FE,SANTA FE,SANTE FE,NO
SANTO TOME ,SANTA FE,SANTO TOME,NO
CALCHAQUI,SANTA FE,VERA,NO
LA GALLARETA,SANTA FE,VERA,NO
MARGARITA,SANTA FE,VERA,NO
VERA,SANTA FE,VERA,NO
PINTO  VILLA GENERAL MITRE,SANTIAGO DEL ESTERO,AGUIRRE,NO
CAMPO GALLO,SANTIAGO DEL ESTERO,ALBERDI,NO
VILLA ATAMISQUI,SANTIAGO DEL ESTERO,ATAMISQUI,NO
COLONIA DORA,SANTIAGO DEL ESTERO,AVELLANEDA,NO
HERRERA,SANTIAGO DEL ESTERO,AVELLANEDA,NO
ICAÑO,SANTIAGO DEL ESTERO,AVELLANEDA,NO
SAN PEDRO,SANTIAGO DEL ESTERO,AVELLANEDA,NO
LA BANDA,SANTIAGO DEL ESTERO,BANDA,SI
CLODOMIRA,SANTIAGO DEL ESTERO,BANDA,NO
BANDERA,SANTIAGO DEL ESTERO,BELGRANO,NO
GUARDIA ESCOLTA,SANTIAGO DEL ESTERO,BELGRANO,NO
SANTIAGO DEL ESTERO,SANTIAGO DEL ESTERO,CAPITAL,SI
SANTIAGO DEL ESTERO,SANTIAGO DEL ESTERO,CAPITAL,NO
SANTIAGO DEL ESTERO,SANTIAGO DEL ESTERO,CAPITAL,NO
CHOYA,SANTIAGO DEL ESTERO,CHOYA,NO
FRIAS,SANTIAGO DEL ESTERO,CHOYA,SI
LAPRIDA,SANTIAGO DEL ESTERO,CHOYA,NO
MONTE QUEMADO,SANTIAGO DEL ESTERO,COPO,NO
PAMPA DE LOS GUANACOS,SANTIAGO DEL ESTERO,COPO,NO
EL CHARCO,SANTIAGO DEL ESTERO,JIMENEZ,NO
POZO HONDO,SANTIAGO DEL ESTERO,JIMENEZ,NO
SUNCHO CORRAL,SANTIAGO DEL ESTERO,JUAN F IBARRA,NO
LORETO,SANTIAGO DEL ESTERO,LORETO,NO
QUIMILI,SANTIAGO DEL ESTERO,MORENO,NO
TINTINA,SANTIAGO DEL ESTERO,MORENO,NO
OJO DE AGUA,SANTIAGO DEL ESTERO,OJO DE AGUA,SI
SOL DE JULIO,SANTIAGO DEL ESTERO,OJO DE AGUA,NO
NUEVA ESPERANZA,SANTIAGO DEL ESTERO,PELLEGRINI,NO
SUMAMPA,SANTIAGO DEL ESTERO,QUEBRACHOS,NO
TERMAS DE RIO HONDO,SANTIAGO DEL ESTERO,RIO HONDO,SI
VINARA,SANTIAGO DEL ESTERO,RIO HONDO,NO
SELVA,SANTIAGO DEL ESTERO,RIVADAVIA,NO
BELTRAN,SANTIAGO DEL ESTERO,ROBLES,NO
FERNANDEZ,SANTIAGO DEL ESTERO,ROBLES,NO
INGENIERO FORRES,SANTIAGO DEL ESTERO,ROBLES,NO
LOS TELARES,SANTIAGO DEL ESTERO,SALAVINA,NO
BREA POZO,SANTIAGO DEL ESTERO,SAN MARTIN,NO
SANTIAGO DEL ESTERO,SANTIAGO DEL ESTERO,SANTIAGO DEL ESTERO,NO
GARZA,SANTIAGO DEL ESTERO,SARMIENTO,NO
AÑATUYA,SANTIAGO DEL ESTERO,TABOADA,SI
LOS JURIES,SANTIAGO DEL ESTERO,TABOADA,NO
RIO GRANDE,TIERRA DEL FUEGO,RIO GRANDE,SI
TOLHUIN,TIERRA DEL FUEGO,RIO GRANDE,NO
USHUAIA,TIERRA DEL FUEGO,USHUAIA,SI
BURRUYACU,TUCUMAN,BURRUYACU,NO
LA RAMADA,TUCUMAN,BURRUYACU,NO
SAN MIGUEL DE TUCUMAN,TUCUMAN,CAPITAL,SI
SAN MIGUEL DE TUCUMAN,TUCUMAN,CAPITAL,SI
SAN MIGUEL DE TUCUMAN,TUCUMAN,CAPITAL,NO
SAN MIGUEL DE TUCUMAN,TUCUMAN,CAPITAL,NO
SAN MIGUEL DE TUCUMAN,TUCUMAN,CAPITAL,NO
CONCEPCION,TUCUMAN,CHICLIGASTA,SI
VILLA LA TRINIDAD,TUCUMAN,CHICLIGASTA,NO
ALDERETES,TUCUMAN,CRUZ ALTA,NO
BANDA DEL RIO SALI,TUCUMAN,CRUZ ALTA,NO
LAS CEJAS,TUCUMAN,CRUZ ALTA,NO
LOS RALOS,TUCUMAN,CRUZ ALTA,NO
LA FLORIDA,TUCUMAN,CRUZ ALTA,NO
RANCHILLOS,TUCUMAN,CRUZ ALTA,NO
FAMAILLA,TUCUMAN,FAMAILLA,NO
GRANEROS,TUCUMAN,GRANEROS,NO
LAMADRID,TUCUMAN,GRANEROS,NO
TACO RALO,TUCUMAN,GRANEROS,NO
JUAN BAUTISTA ALBERDI,TUCUMAN,JUAN B ALBERDI,NO
LA COCHA,TUCUMAN,LA COCHA,NO
BELLA VISTA,TUCUMAN,LEALES,NO
LEALES,TUCUMAN,LEALES,NO
LULES,TUCUMAN,LULES,NO
EL MANANTIAL,TUCUMAN,LULES,NO
SAN PABLO,TUCUMAN,LULES,NO
SANTA LUCIA,TUCUMAN,MONTEROS,NO
MONTEROS,TUCUMAN,MONTEROS,SI
VILLA QUINTEROS,TUCUMAN,MONTEROS,NO
AGUILARES,TUCUMAN,RIO CHICO,NO
SANTA ANA,TUCUMAN,RIO CHICO,NO
S. MIGUEL DE TUCUMAN,TUCUMAN,S. MIGUEL DE TUCUMAN,NO
S. MIGUEL DE TUCUMAN,TUCUMAN,S. MIGUEL DE TUCUMAN,NO
S. MIGUEL DE TUCUMAN,TUCUMAN,S. MIGUEL DE TUCUMAN,NO
MONTEAGUDO,TUCUMAN,SIMOCA,NO
SIMOCA,TUCUMAN,SIMOCA,NO
AMAICHA DEL VALLE,TUCUMAN,TAFI DEL VALLE,NO
COLALAO DEL VALLE,TUCUMAN,TAFI DEL VALLE,NO
TAFI DEL VALLE,TUCUMAN,TAFI DEL VALLE,NO
LAS TALITAS,TUCUMAN,TAFI VIEJO,NO
TAFI VIEJO,TUCUMAN,TAFI VIEJO,NO
SAN PEDRO DE COLALAO,TUCUMAN,TRANCAS,NO
TRANCAS,TUCUMAN,TRANCAS,NO
YERBA BUENA,TUCUMAN,YERBA BUENA,SI